[2026-08-08 00:15:07] [vqc_init] empty init state (all-NOP) — skip pre-warmup
[2026-08-08 00:21:30] >>> [ep 001] TERMINAL EVAL: AUC=0.5349 SENS=0.9777 SPEC=0.0329 THR*=0.489
[2026-08-08 00:21:30] [ep 001] score=0.4561 best=0.4561 nq=4 std_proxy=0.0151 stability_w=0.698 adjusted=0.3183 best_adjusted=0.3183
[2026-08-08 00:21:30] [ep 001] score=0.4561 best=0.4561 nq=4 ep_ret=-89.579 | metric=-0.800 depth=-0.355 cnot=-0.444 qubit=0.000 rot=0.000 dead=-0.700 budget=-81.250 repeat=-0.030 terminal=0.000
[2026-08-08 00:27:37] >>> [ep 002] TERMINAL EVAL: AUC=0.5510 SENS=0.6394 SPEC=0.4198 THR*=0.499
[2026-08-08 00:27:37] [ep 002] score=0.5868 best=0.4561 nq=4 std_proxy=0.0231 stability_w=0.539 adjusted=0.3161 best_adjusted=0.3183
[2026-08-08 00:27:37] [ep 002] score=0.5868 best=0.4561 nq=4 ep_ret=-85.324 | metric=-0.800 depth=-0.355 cnot=-0.288 qubit=0.000 rot=0.000 dead=-0.300 budget=-81.750 repeat=-0.020 terminal=0.000
[2026-08-08 00:33:19] >>> [ep 003] TERMINAL EVAL: AUC=0.4947 SENS=0.7286 SPEC=0.2551 THR*=0.477
[2026-08-08 00:33:19] [ep 003] score=0.4743 best=0.4743 nq=4 std_proxy=0.0022 stability_w=0.955 adjusted=0.4532 best_adjusted=0.4532
[2026-08-08 00:33:20] [ep 003] score=0.4743 best=0.4743 nq=4 ep_ret=-85.135 | metric=-0.800 depth=-0.355 cnot=0.000 qubit=0.000 rot=-0.076 dead=-0.450 budget=-81.250 repeat=0.000 terminal=0.000
[2026-08-08 00:39:09] >>> [ep 004] TERMINAL EVAL: AUC=0.5147 SENS=0.8848 SPEC=0.0741 THR*=0.381
[2026-08-08 00:39:09] [ep 004] score=0.5184 best=0.5184 nq=4 std_proxy=0.0038 stability_w=0.923 adjusted=0.4786 best_adjusted=0.4786
[2026-08-08 00:39:09] [ep 004] score=0.5184 best=0.5184 nq=4 ep_ret=-85.419 | metric=-0.800 depth=-0.355 cnot=-0.060 qubit=0.000 rot=-0.040 dead=-0.700 budget=-81.500 repeat=0.000 terminal=0.000
[2026-08-08 00:44:41] >>> [ep 005] TERMINAL EVAL: AUC=0.5675 SENS=0.4387 SPEC=0.6502 THR*=0.508
[2026-08-08 00:44:41] [ep 005] score=0.6260 best=0.5184 nq=4 std_proxy=0.0356 stability_w=0.287 adjusted=0.1797 best_adjusted=0.4786
[2026-08-08 00:44:41] [ep 005] score=0.6260 best=0.5184 nq=4 ep_ret=-83.391 | metric=-0.800 depth=-0.355 cnot=-0.060 qubit=0.000 rot=-0.056 dead=-1.000 budget=-79.500 repeat=-0.010 terminal=0.000
[2026-08-08 00:50:36] >>> [ep 006] TERMINAL EVAL: AUC=0.5234 SENS=0.9108 SPEC=0.1317 THR*=0.487
[2026-08-08 00:50:36] [ep 006] score=0.5349 best=0.5184 nq=4 std_proxy=0.0181 stability_w=0.638 adjusted=0.3412 best_adjusted=0.4786
[2026-08-08 00:50:36] [ep 006] score=0.5349 best=0.5184 nq=4 ep_ret=-78.935 | metric=-0.800 depth=-0.355 cnot=0.000 qubit=0.000 rot=-0.100 dead=-0.450 budget=-75.250 repeat=-0.030 terminal=0.000
[2026-08-08 00:56:38] >>> [ep 007] TERMINAL EVAL: AUC=0.4786 SENS=0.9405 SPEC=0.0576 THR*=0.450
[2026-08-08 00:56:38] [ep 007] score=0.4244 best=0.5184 nq=4 std_proxy=0.0059 stability_w=0.883 adjusted=0.3746 best_adjusted=0.4786
[2026-08-08 00:56:38] [ep 007] score=0.4244 best=0.5184 nq=4 ep_ret=-85.941 | metric=-0.800 depth=-0.355 cnot=0.000 qubit=0.000 rot=-0.074 dead=-1.050 budget=-81.250 repeat=-0.050 terminal=0.000
[2026-08-08 01:02:27] >>> [ep 008] TERMINAL EVAL: AUC=0.5034 SENS=0.6914 SPEC=0.3292 THR*=0.507
[2026-08-08 01:02:27] [ep 008] score=0.4676 best=0.5184 nq=4 std_proxy=0.0040 stability_w=0.920 adjusted=0.4304 best_adjusted=0.4786
[2026-08-08 01:02:27] [ep 008] score=0.4676 best=0.5184 nq=4 ep_ret=-77.739 | metric=-0.800 depth=-0.355 cnot=-0.588 qubit=0.000 rot=-0.020 dead=-0.450 budget=-73.250 repeat=-0.030 terminal=0.000
[2026-08-08 01:08:26] >>> [ep 009] TERMINAL EVAL: AUC=0.4902 SENS=0.7175 SPEC=0.2840 THR*=0.483
[2026-08-08 01:08:26] [ep 009] score=0.4685 best=0.5184 nq=4 std_proxy=0.0103 stability_w=0.793 adjusted=0.3717 best_adjusted=0.4786
[2026-08-08 01:08:26] [ep 009] score=0.4685 best=0.5184 nq=4 ep_ret=-77.137 | metric=-0.800 depth=-0.355 cnot=-0.036 qubit=0.000 rot=-0.144 dead=-0.300 budget=-73.250 repeat=0.000 terminal=0.000
[2026-08-08 01:13:47] >>> [ep 010] TERMINAL EVAL: AUC=0.5000 SENS=0.0000 SPEC=0.0000 THR*=0.500
[2026-08-08 01:13:47] [ep 010] score=0.1793 best=0.5184 nq=4 std_proxy=0.0000 stability_w=1.000 adjusted=0.1793 best_adjusted=0.4786
[2026-08-08 01:13:47] [ep 010] score=0.1793 best=0.5184 nq=4 ep_ret=-88.700 | metric=-0.800 depth=-0.355 cnot=0.000 qubit=0.000 rot=-0.026 dead=-0.300 budget=-84.500 repeat=-0.010 terminal=0.000
[2026-08-08 01:13:47] [health] collapse_count=4 / 10 (spec < terminal_spec_floor)
[2026-08-08 01:19:42] >>> [ep 011] TERMINAL EVAL: AUC=0.5279 SENS=0.1524 SPEC=0.8807 THR*=0.524
[2026-08-08 01:19:42] [ep 011] score=0.5574 best=0.5184 nq=5 std_proxy=0.0086 stability_w=0.828 adjusted=0.4617 best_adjusted=0.4786
[2026-08-08 01:19:42] [ep 011] score=0.5574 best=0.5184 nq=4 ep_ret=-80.445 | metric=-0.800 depth=-0.355 cnot=-0.432 qubit=-0.950 rot=-0.050 dead=-0.850 budget=-75.000 repeat=-0.030 terminal=0.000
[2026-08-08 01:19:42] >>> [ep 012] TERMINAL EVAL: AUC=0.5000 SENS=0.0000 SPEC=0.0000 THR*=0.500
[2026-08-08 01:19:42] [ep 012] score=0.1793 best=0.5184 nq=4 std_proxy=0.0000 stability_w=1.000 adjusted=0.1793 best_adjusted=0.4786
[2026-08-08 01:19:42] [ep 012] score=0.1793 best=0.5184 nq=4 ep_ret=-86.157 | metric=-0.800 depth=-0.355 cnot=0.000 qubit=0.000 rot=-0.048 dead=-0.550 budget=-81.750 repeat=-0.010 terminal=0.000
[2026-08-08 01:19:42] >>> [ep 013] TERMINAL EVAL: AUC=0.5000 SENS=0.0000 SPEC=0.0000 THR*=0.500
[2026-08-08 01:19:42] [ep 013] score=0.1793 best=0.5184 nq=4 std_proxy=0.0000 stability_w=1.000 adjusted=0.1793 best_adjusted=0.4786
[2026-08-08 01:19:42] [ep 013] score=0.1793 best=0.5184 nq=4 ep_ret=-63.216 | metric=-0.800 depth=-0.355 cnot=-0.588 qubit=0.000 rot=-0.198 dead=-0.900 budget=-57.750 repeat=-0.020 terminal=0.000
[2026-08-08 01:19:42] >>> [ep 014] TERMINAL EVAL: AUC=0.5000 SENS=0.0000 SPEC=0.0000 THR*=0.500
[2026-08-08 01:19:42] [ep 014] score=0.1793 best=0.5184 nq=4 std_proxy=0.0000 stability_w=1.000 adjusted=0.1793 best_adjusted=0.4786
[2026-08-08 01:19:42] [ep 014] score=0.1793 best=0.5184 nq=4 ep_ret=-74.246 | metric=-0.800 depth=-0.355 cnot=-0.828 qubit=0.000 rot=-0.054 dead=-0.600 budget=-69.000 repeat=-0.020 terminal=0.000
[2026-08-08 01:19:43] >>> [ep 015] TERMINAL EVAL: AUC=0.5000 SENS=0.0000 SPEC=0.0000 THR*=0.500
[2026-08-08 01:19:43] [ep 015] score=0.1793 best=0.5184 nq=4 std_proxy=0.0000 stability_w=1.000 adjusted=0.1793 best_adjusted=0.4786
[2026-08-08 01:19:43] [ep 015] score=0.1793 best=0.5184 nq=4 ep_ret=-85.919 | metric=-0.800 depth=-0.355 cnot=-0.300 qubit=0.000 rot=0.000 dead=-0.350 budget=-81.500 repeat=-0.030 terminal=0.000
[2026-08-08 01:19:43] >>> [ep 016] TERMINAL EVAL: AUC=0.5000 SENS=0.0000 SPEC=0.0000 THR*=0.500
[2026-08-08 01:19:43] [ep 016] score=0.1793 best=0.5184 nq=4 std_proxy=0.0000 stability_w=1.000 adjusted=0.1793 best_adjusted=0.4786
[2026-08-08 01:19:43] [ep 016] score=0.1793 best=0.5184 nq=4 ep_ret=-82.631 | metric=-0.800 depth=-0.355 cnot=-0.480 qubit=0.000 rot=0.000 dead=-0.650 budget=-77.750 repeat=-0.010 terminal=0.000
[2026-08-08 01:25:33] >>> [ep 017] TERMINAL EVAL: AUC=0.5163 SENS=0.5167 SPEC=0.5144 THR*=0.487
[2026-08-08 01:25:33] [ep 017] score=0.5403 best=0.5403 nq=5 std_proxy=0.0053 stability_w=0.894 adjusted=0.4831 best_adjusted=0.4831
[2026-08-08 01:25:33] [ep 017] score=0.5403 best=0.5403 nq=5 ep_ret=-64.535 | metric=-0.800 depth=-0.355 cnot=-1.200 qubit=-0.175 rot=-0.056 dead=-0.600 budget=-59.250 repeat=-0.040 terminal=0.000
[2026-08-08 01:31:37] >>> [ep 018] TERMINAL EVAL: AUC=0.5252 SENS=1.0000 SPEC=0.0082 THR*=0.367
[2026-08-08 01:31:37] [ep 018] score=0.5117 best=0.5403 nq=5 std_proxy=0.0191 stability_w=0.619 adjusted=0.3167 best_adjusted=0.4831
[2026-08-08 01:31:37] [ep 018] score=0.5117 best=0.5403 nq=5 ep_ret=-85.915 | metric=-0.800 depth=-0.355 cnot=-0.300 qubit=-0.300 rot=0.000 dead=-0.500 budget=-81.500 repeat=-0.040 terminal=0.000
[2026-08-08 01:31:37] >>> [ep 019] TERMINAL EVAL: AUC=0.5000 SENS=0.0000 SPEC=0.0000 THR*=0.500
[2026-08-08 01:31:37] [ep 019] score=0.1793 best=0.5403 nq=4 std_proxy=0.0000 stability_w=1.000 adjusted=0.1793 best_adjusted=0.4831
[2026-08-08 01:31:37] [ep 019] score=0.1793 best=0.5403 nq=5 ep_ret=-75.235 | metric=-0.800 depth=-0.355 cnot=-0.420 qubit=0.000 rot=-0.120 dead=-1.400 budget=-69.500 repeat=-0.020 terminal=0.000
[2026-08-08 01:37:25] >>> [ep 020] TERMINAL EVAL: AUC=0.5162 SENS=0.0074 SPEC=0.9959 THR*=0.566
[2026-08-08 01:37:25] [ep 020] score=0.5275 best=0.5403 nq=5 std_proxy=0.0054 stability_w=0.891 adjusted=0.4702 best_adjusted=0.4831
[2026-08-08 01:37:25] [ep 020] score=0.5275 best=0.5403 nq=5 ep_ret=-75.106 | metric=-0.800 depth=-0.355 cnot=-0.852 qubit=-0.450 rot=0.000 dead=-0.550 budget=-70.000 repeat=-0.020 terminal=0.000
[2026-08-08 01:37:25] [health] collapse_count=11 / 20 (spec < terminal_spec_floor)
[2026-08-08 01:37:25] >>> [ep 021] TERMINAL EVAL: AUC=0.5000 SENS=0.0000 SPEC=0.0000 THR*=0.500
[2026-08-08 01:37:25] [ep 021] score=0.1793 best=0.5403 nq=4 std_proxy=0.0000 stability_w=1.000 adjusted=0.1793 best_adjusted=0.4831
[2026-08-08 01:37:25] [ep 021] score=0.1793 best=0.5403 nq=5 ep_ret=-85.002 | metric=-0.800 depth=-0.355 cnot=0.000 qubit=0.000 rot=-0.076 dead=-0.750 budget=-80.500 repeat=-0.020 terminal=0.000
[2026-08-08 01:37:26] >>> [ep 022] TERMINAL EVAL: AUC=0.5000 SENS=0.0000 SPEC=0.0000 THR*=0.500
[2026-08-08 01:37:26] [ep 022] score=0.1793 best=0.5403 nq=4 std_proxy=0.0000 stability_w=1.000 adjusted=0.1793 best_adjusted=0.4831
[2026-08-08 01:37:26] [ep 022] score=0.1793 best=0.5403 nq=5 ep_ret=-74.547 | metric=-0.800 depth=-0.355 cnot=-0.408 qubit=0.000 rot=-0.094 dead=-0.350 budget=-70.000 repeat=-0.030 terminal=0.000
[2026-08-08 01:37:26] >>> [ep 023] TERMINAL EVAL: AUC=0.5000 SENS=0.0000 SPEC=0.0000 THR*=0.500
[2026-08-08 01:37:26] [ep 023] score=0.1793 best=0.5403 nq=4 std_proxy=0.0000 stability_w=1.000 adjusted=0.1793 best_adjusted=0.4831
[2026-08-08 01:37:26] [ep 023] score=0.1793 best=0.5403 nq=5 ep_ret=-5.050 | metric=-0.380 depth=-0.145 cnot=-0.156 qubit=0.000 rot=0.000 dead=-0.400 budget=-2.500 repeat=0.000 terminal=0.000
[2026-08-08 01:37:26] >>> [ep 024] TERMINAL EVAL: AUC=0.5000 SENS=0.0000 SPEC=0.0000 THR*=0.500
[2026-08-08 01:37:26] [ep 024] score=0.1793 best=0.5403 nq=4 std_proxy=0.0000 stability_w=1.000 adjusted=0.1793 best_adjusted=0.4831
[2026-08-08 01:37:26] [ep 024] score=0.1793 best=0.5403 nq=5 ep_ret=-84.659 | metric=-0.800 depth=-0.355 cnot=0.000 qubit=0.000 rot=-0.086 dead=-0.350 budget=-80.500 repeat=-0.040 terminal=0.000
[2026-08-08 01:37:26] >>> [ep 025] TERMINAL EVAL: AUC=0.5000 SENS=0.0000 SPEC=0.0000 THR*=0.500
[2026-08-08 01:37:26] [ep 025] score=0.1793 best=0.5403 nq=4 std_proxy=0.0000 stability_w=1.000 adjusted=0.1793 best_adjusted=0.4831
[2026-08-08 01:37:26] [ep 025] score=0.1793 best=0.5403 nq=5 ep_ret=-84.156 | metric=-0.800 depth=-0.355 cnot=-0.372 qubit=0.000 rot=-0.012 dead=-0.300 budget=-79.750 repeat=-0.030 terminal=0.000
[2026-08-08 01:37:26] >>> [ep 026] TERMINAL EVAL: AUC=0.5000 SENS=0.0000 SPEC=0.0000 THR*=0.500
[2026-08-08 01:37:26] [ep 026] score=0.1793 best=0.5403 nq=4 std_proxy=0.0000 stability_w=1.000 adjusted=0.1793 best_adjusted=0.4831
[2026-08-08 01:37:26] [ep 026] score=0.1793 best=0.5403 nq=5 ep_ret=-74.099 | metric=-0.800 depth=-0.355 cnot=-0.768 qubit=0.000 rot=-0.070 dead=-0.550 budget=-69.000 repeat=-0.010 terminal=0.000
[2026-08-08 01:37:26] >>> [ep 027] TERMINAL EVAL: AUC=0.5000 SENS=0.0000 SPEC=0.0000 THR*=0.500
[2026-08-08 01:37:26] [ep 027] score=0.1793 best=0.5403 nq=4 std_proxy=0.0000 stability_w=1.000 adjusted=0.1793 best_adjusted=0.4831
[2026-08-08 01:37:26] [ep 027] score=0.1793 best=0.5403 nq=5 ep_ret=-72.776 | metric=-0.800 depth=-0.355 cnot=-0.984 qubit=0.000 rot=-0.012 dead=-0.300 budget=-67.750 repeat=-0.020 terminal=0.000
[2026-08-08 01:37:27] >>> [ep 028] TERMINAL EVAL: AUC=0.5000 SENS=0.0000 SPEC=0.0000 THR*=0.500
[2026-08-08 01:37:27] [ep 028] score=0.1793 best=0.5403 nq=4 std_proxy=0.0000 stability_w=1.000 adjusted=0.1793 best_adjusted=0.4831
[2026-08-08 01:37:27] [ep 028] score=0.1793 best=0.5403 nq=5 ep_ret=-88.745 | metric=-0.800 depth=-0.355 cnot=0.000 qubit=0.000 rot=-0.026 dead=-0.500 budget=-84.500 repeat=0.000 terminal=0.000
[2026-08-08 01:37:27] >>> [ep 029] TERMINAL EVAL: AUC=0.5000 SENS=0.0000 SPEC=0.0000 THR*=0.500
[2026-08-08 01:37:27] [ep 029] score=0.1793 best=0.5403 nq=4 std_proxy=0.0000 stability_w=1.000 adjusted=0.1793 best_adjusted=0.4831
[2026-08-08 01:37:27] [ep 029] score=0.1793 best=0.5403 nq=5 ep_ret=-79.726 | metric=-0.800 depth=-0.355 cnot=-0.120 qubit=0.000 rot=-0.098 dead=-1.000 budget=-74.750 repeat=-0.030 terminal=0.000
[2026-08-08 01:37:27] >>> [ep 030] TERMINAL EVAL: AUC=0.5000 SENS=0.0000 SPEC=0.0000 THR*=0.500
[2026-08-08 01:37:27] [ep 030] score=0.1793 best=0.5403 nq=4 std_proxy=0.0000 stability_w=1.000 adjusted=0.1793 best_adjusted=0.4831
[2026-08-08 01:37:27] [ep 030] score=0.1793 best=0.5403 nq=5 ep_ret=-84.301 | metric=-0.800 depth=-0.355 cnot=-0.384 qubit=0.000 rot=0.000 dead=-0.400 budget=-79.750 repeat=-0.030 terminal=0.000
[2026-08-08 01:37:27] [health] collapse_count=21 / 30 (spec < terminal_spec_floor)
[2026-08-08 01:37:27] >>> [ep 031] TERMINAL EVAL: AUC=0.5000 SENS=0.0000 SPEC=0.0000 THR*=0.500
[2026-08-08 01:37:27] [ep 031] score=0.1793 best=0.5403 nq=4 std_proxy=0.0000 stability_w=1.000 adjusted=0.1793 best_adjusted=0.4831
[2026-08-08 01:37:27] [ep 031] score=0.1793 best=0.5403 nq=5 ep_ret=-72.636 | metric=-0.800 depth=-0.355 cnot=-1.020 qubit=0.000 rot=0.000 dead=-0.350 budget=-67.500 repeat=-0.020 terminal=0.000
[2026-08-08 01:37:27] >>> [ep 032] TERMINAL EVAL: AUC=0.5000 SENS=0.0000 SPEC=0.0000 THR*=0.500
[2026-08-08 01:37:27] [ep 032] score=0.1793 best=0.5403 nq=4 std_proxy=0.0000 stability_w=1.000 adjusted=0.1793 best_adjusted=0.4831
[2026-08-08 01:37:27] [ep 032] score=0.1793 best=0.5403 nq=5 ep_ret=-84.149 | metric=-0.800 depth=-0.355 cnot=-0.276 qubit=0.000 rot=-0.018 dead=-0.300 budget=-79.750 repeat=-0.050 terminal=0.000
[2026-08-08 01:37:27] >>> [ep 033] TERMINAL EVAL: AUC=0.5000 SENS=0.0000 SPEC=0.0000 THR*=0.500
[2026-08-08 01:37:27] [ep 033] score=0.1793 best=0.5403 nq=4 std_proxy=0.0000 stability_w=1.000 adjusted=0.1793 best_adjusted=0.4831
[2026-08-08 01:37:27] [ep 033] score=0.1793 best=0.5403 nq=5 ep_ret=-75.420 | metric=-0.800 depth=-0.355 cnot=-0.504 qubit=0.000 rot=-0.082 dead=-1.050 budget=-70.000 repeat=-0.020 terminal=0.000
[2026-08-08 01:37:28] >>> [ep 034] TERMINAL EVAL: AUC=0.5000 SENS=0.0000 SPEC=0.0000 THR*=0.500
[2026-08-08 01:37:28] [ep 034] score=0.1793 best=0.5403 nq=4 std_proxy=0.0000 stability_w=1.000 adjusted=0.1793 best_adjusted=0.4831
[2026-08-08 01:37:28] [ep 034] score=0.1793 best=0.5403 nq=5 ep_ret=-89.285 | metric=-0.800 depth=-0.355 cnot=-0.132 qubit=0.000 rot=0.000 dead=-0.350 budget=-85.000 repeat=-0.030 terminal=0.000
[2026-08-08 01:43:01] >>> [ep 035] TERMINAL EVAL: AUC=0.4960 SENS=0.1636 SPEC=0.8354 THR*=0.551
[2026-08-08 01:43:01] [ep 035] score=0.4899 best=0.5403 nq=5 std_proxy=0.0209 stability_w=0.583 adjusted=0.2855 best_adjusted=0.4831
[2026-08-08 01:43:01] [ep 035] score=0.4899 best=0.5403 nq=5 ep_ret=-82.520 | metric=-0.800 depth=-0.355 cnot=-0.516 qubit=-0.250 rot=-0.002 dead=-0.650 budget=-77.750 repeat=-0.010 terminal=0.000
[2026-08-08 01:43:01] >>> [ep 036] TERMINAL EVAL: AUC=0.5000 SENS=0.0000 SPEC=0.0000 THR*=0.500
[2026-08-08 01:43:01] [ep 036] score=0.1793 best=0.5403 nq=4 std_proxy=0.0000 stability_w=1.000 adjusted=0.1793 best_adjusted=0.4831
[2026-08-08 01:43:01] [ep 036] score=0.1793 best=0.5403 nq=5 ep_ret=-82.031 | metric=-0.800 depth=-0.355 cnot=-0.192 qubit=0.000 rot=-0.058 dead=-0.700 budget=-77.250 repeat=-0.040 terminal=0.000
[2026-08-08 01:43:01] >>> [ep 037] TERMINAL EVAL: AUC=0.5000 SENS=0.0000 SPEC=0.0000 THR*=0.500
[2026-08-08 01:43:01] [ep 037] score=0.1793 best=0.5403 nq=4 std_proxy=0.0000 stability_w=1.000 adjusted=0.1793 best_adjusted=0.4831
[2026-08-08 01:43:01] [ep 037] score=0.1793 best=0.5403 nq=5 ep_ret=-88.850 | metric=-0.800 depth=-0.355 cnot=-0.180 qubit=0.000 rot=0.000 dead=-0.850 budget=-84.000 repeat=-0.020 terminal=0.000
[2026-08-08 01:48:49] >>> [ep 038] TERMINAL EVAL: AUC=0.5422 SENS=0.6691 SPEC=0.4280 THR*=0.484
[2026-08-08 01:48:49] [ep 038] score=0.5929 best=0.5403 nq=5 std_proxy=0.0197 stability_w=0.607 adjusted=0.3597 best_adjusted=0.4831
[2026-08-08 01:48:49] [ep 038] score=0.5929 best=0.5403 nq=5 ep_ret=-73.957 | metric=-0.800 depth=-0.355 cnot=-0.888 qubit=-0.600 rot=-0.038 dead=-0.350 budget=-69.000 repeat=-0.020 terminal=0.000
[2026-08-08 01:48:49] >>> [ep 039] TERMINAL EVAL: AUC=0.5000 SENS=0.0000 SPEC=0.0000 THR*=0.500
[2026-08-08 01:48:49] [ep 039] score=0.1793 best=0.5403 nq=4 std_proxy=0.0000 stability_w=1.000 adjusted=0.1793 best_adjusted=0.4831
[2026-08-08 01:48:49] [ep 039] score=0.1793 best=0.5403 nq=5 ep_ret=-2.518 | metric=-0.200 depth=-0.055 cnot=0.000 qubit=0.000 rot=0.000 dead=-1.100 budget=0.000 repeat=0.000 terminal=0.000
[2026-08-08 01:48:49] >>> [ep 040] TERMINAL EVAL: AUC=0.5000 SENS=0.0000 SPEC=0.0000 THR*=0.500
[2026-08-08 01:48:49] [ep 040] score=0.1793 best=0.5403 nq=4 std_proxy=0.0000 stability_w=1.000 adjusted=0.1793 best_adjusted=0.4831
[2026-08-08 01:48:49] [ep 040] score=0.1793 best=0.5403 nq=5 ep_ret=-89.063 | metric=-0.800 depth=-0.355 cnot=-0.156 qubit=0.000 rot=0.000 dead=-0.550 budget=-84.500 repeat=-0.030 terminal=0.000
[2026-08-08 01:48:49] [health] collapse_count=29 / 40 (spec < terminal_spec_floor)
[2026-08-08 01:48:49] >>> [ep 041] TERMINAL EVAL: AUC=0.5000 SENS=0.0000 SPEC=0.0000 THR*=0.500
[2026-08-08 01:48:49] [ep 041] score=0.1793 best=0.5403 nq=4 std_proxy=0.0000 stability_w=1.000 adjusted=0.1793 best_adjusted=0.4831
[2026-08-08 01:48:49] [ep 041] score=0.1793 best=0.5403 nq=5 ep_ret=-12.724 | metric=-0.575 depth=-0.185 cnot=-0.072 qubit=0.000 rot=0.000 dead=-0.300 budget=-9.750 repeat=-0.010 terminal=0.000
[2026-08-08 01:48:49] >>> [ep 042] TERMINAL EVAL: AUC=0.5000 SENS=0.0000 SPEC=0.0000 THR*=0.500
[2026-08-08 01:48:49] [ep 042] score=0.1793 best=0.5403 nq=4 std_proxy=0.0000 stability_w=1.000 adjusted=0.1793 best_adjusted=0.4831
[2026-08-08 01:48:49] [ep 042] score=0.1793 best=0.5403 nq=5 ep_ret=-76.980 | metric=-1.000 depth=-0.355 cnot=0.000 qubit=0.000 rot=-0.124 dead=-0.550 budget=-72.250 repeat=-0.010 terminal=0.000
[2026-08-08 01:48:50] >>> [ep 043] TERMINAL EVAL: AUC=0.5000 SENS=0.0000 SPEC=0.0000 THR*=0.500
[2026-08-08 01:48:50] [ep 043] score=0.1793 best=0.5403 nq=4 std_proxy=0.0000 stability_w=1.000 adjusted=0.1793 best_adjusted=0.4831
[2026-08-08 01:48:50] [ep 043] score=0.1793 best=0.5403 nq=5 ep_ret=-92.965 | metric=-1.000 depth=-0.355 cnot=0.000 qubit=0.000 rot=0.000 dead=-1.150 budget=-87.750 repeat=-0.010 terminal=0.000
[2026-08-08 01:48:50] >>> [ep 044] TERMINAL EVAL: AUC=0.5000 SENS=0.0000 SPEC=0.0000 THR*=0.500
[2026-08-08 01:48:50] [ep 044] score=0.1793 best=0.5403 nq=4 std_proxy=0.0000 stability_w=1.000 adjusted=0.1793 best_adjusted=0.4831
[2026-08-08 01:48:50] [ep 044] score=0.1793 best=0.5403 nq=5 ep_ret=-86.888 | metric=-1.000 depth=-0.355 cnot=0.000 qubit=0.000 rot=-0.044 dead=-0.500 budget=-82.250 repeat=-0.010 terminal=0.000
[2026-08-08 01:48:50] >>> [ep 045] TERMINAL EVAL: AUC=0.5000 SENS=0.0000 SPEC=0.0000 THR*=0.500
[2026-08-08 01:48:50] [ep 045] score=0.1793 best=0.5403 nq=4 std_proxy=0.0000 stability_w=1.000 adjusted=0.1793 best_adjusted=0.4831
[2026-08-08 01:48:50] [ep 045] score=0.1793 best=0.5403 nq=5 ep_ret=-73.679 | metric=-1.000 depth=-0.355 cnot=-0.384 qubit=0.000 rot=-0.112 dead=-0.350 budget=-68.750 repeat=-0.010 terminal=0.000
[2026-08-08 01:48:50] >>> [ep 046] TERMINAL EVAL: AUC=0.5000 SENS=0.0000 SPEC=0.0000 THR*=0.500
[2026-08-08 01:48:50] [ep 046] score=0.1793 best=0.5403 nq=4 std_proxy=0.0000 stability_w=1.000 adjusted=0.1793 best_adjusted=0.4831
[2026-08-08 01:48:50] [ep 046] score=0.1793 best=0.5403 nq=5 ep_ret=-1.982 | metric=-0.250 depth=-0.055 cnot=0.000 qubit=0.000 rot=0.000 dead=-0.450 budget=0.000 repeat=0.000 terminal=0.000
[2026-08-08 01:48:50] >>> [ep 047] TERMINAL EVAL: AUC=0.5000 SENS=0.0000 SPEC=0.0000 THR*=0.500
[2026-08-08 01:48:50] [ep 047] score=0.1793 best=0.5403 nq=4 std_proxy=0.0000 stability_w=1.000 adjusted=0.1793 best_adjusted=0.4831
[2026-08-08 01:48:50] [ep 047] score=0.1793 best=0.5403 nq=5 ep_ret=-82.497 | metric=-1.000 depth=-0.355 cnot=0.000 qubit=0.000 rot=-0.086 dead=-0.550 budget=-77.750 repeat=-0.020 terminal=0.000
[2026-08-08 01:48:50] >>> [ep 048] TERMINAL EVAL: AUC=0.5000 SENS=0.0000 SPEC=0.0000 THR*=0.500
[2026-08-08 01:48:50] [ep 048] score=0.1793 best=0.5403 nq=4 std_proxy=0.0000 stability_w=1.000 adjusted=0.1793 best_adjusted=0.4831
[2026-08-08 01:48:50] [ep 048] score=0.1793 best=0.5403 nq=5 ep_ret=-2.331 | metric=-0.200 depth=-0.036 cnot=0.000 qubit=0.000 rot=0.000 dead=-0.950 budget=0.000 repeat=0.000 terminal=0.000
[2026-08-08 01:48:51] >>> [ep 049] TERMINAL EVAL: AUC=0.5000 SENS=0.0000 SPEC=0.0000 THR*=0.500
[2026-08-08 01:48:51] [ep 049] score=0.1793 best=0.5403 nq=4 std_proxy=0.0000 stability_w=1.000 adjusted=0.1793 best_adjusted=0.4831
[2026-08-08 01:48:51] [ep 049] score=0.1793 best=0.5403 nq=5 ep_ret=-79.591 | metric=-1.000 depth=-0.355 cnot=-0.276 qubit=0.000 rot=-0.066 dead=-0.600 budget=-74.500 repeat=-0.020 terminal=0.000
[2026-08-08 01:48:51] >>> [ep 050] TERMINAL EVAL: AUC=0.5000 SENS=0.0000 SPEC=0.0000 THR*=0.500
[2026-08-08 01:48:51] [ep 050] score=0.1793 best=0.5403 nq=4 std_proxy=0.0000 stability_w=1.000 adjusted=0.1793 best_adjusted=0.4831
[2026-08-08 01:48:51] [ep 050] score=0.1793 best=0.5403 nq=5 ep_ret=-91.854 | metric=-1.000 depth=-0.355 cnot=0.000 qubit=0.000 rot=-0.006 dead=-0.700 budget=-87.000 repeat=-0.030 terminal=0.000
[2026-08-08 01:48:51] [health] collapse_count=39 / 50 (spec < terminal_spec_floor)
[2026-08-08 01:48:51] >>> [ep 051] TERMINAL EVAL: AUC=0.5000 SENS=0.0000 SPEC=0.0000 THR*=0.500
[2026-08-08 01:48:51] [ep 051] score=0.1793 best=0.5403 nq=4 std_proxy=0.0000 stability_w=1.000 adjusted=0.1793 best_adjusted=0.4831
[2026-08-08 01:48:51] [ep 051] score=0.1793 best=0.5403 nq=5 ep_ret=-86.765 | metric=-1.000 depth=-0.355 cnot=-0.288 qubit=0.000 rot=0.000 dead=-0.600 budget=-81.750 repeat=0.000 terminal=0.000
[2026-08-08 01:54:54] >>> [ep 052] TERMINAL EVAL: AUC=0.4815 SENS=0.1041 SPEC=0.9012 THR*=0.559
[2026-08-08 01:54:54] [ep 052] score=0.4557 best=0.5403 nq=5 std_proxy=0.0097 stability_w=0.807 adjusted=0.3676 best_adjusted=0.4831
[2026-08-08 01:54:54] [ep 052] score=0.4557 best=0.5403 nq=5 ep_ret=-91.143 | metric=-1.000 depth=-0.355 cnot=0.000 qubit=-0.175 rot=-0.006 dead=-0.300 budget=-87.000 repeat=-0.010 terminal=0.000
[2026-08-08 02:00:44] >>> [ep 053] TERMINAL EVAL: AUC=0.5740 SENS=0.8476 SPEC=0.2016 THR*=0.456
[2026-08-08 02:00:44] [ep 053] score=0.6403 best=0.5403 nq=4 std_proxy=0.0379 stability_w=0.243 adjusted=0.1554 best_adjusted=0.4831
[2026-08-08 02:00:44] [ep 053] score=0.6403 best=0.5403 nq=5 ep_ret=-73.852 | metric=-1.000 depth=-0.355 cnot=-0.684 qubit=0.000 rot=-0.058 dead=-0.550 budget=-69.500 repeat=-0.020 terminal=0.000
[2026-08-08 02:06:25] >>> [ep 054] TERMINAL EVAL: AUC=0.4918 SENS=0.7770 SPEC=0.2346 THR*=0.490
[2026-08-08 02:06:25] [ep 054] score=0.4773 best=0.5403 nq=4 std_proxy=0.0094 stability_w=0.812 adjusted=0.3874 best_adjusted=0.4831
[2026-08-08 02:06:25] [ep 054] score=0.4773 best=0.5403 nq=5 ep_ret=-70.102 | metric=-1.000 depth=-0.355 cnot=-0.144 qubit=0.000 rot=-0.174 dead=-0.450 budget=-65.750 repeat=-0.050 terminal=0.000
[2026-08-08 02:11:57] >>> [ep 055] TERMINAL EVAL: AUC=0.5031 SENS=0.0372 SPEC=0.9630 THR*=0.551
[2026-08-08 02:11:57] [ep 055] score=0.4967 best=0.5403 nq=4 std_proxy=0.0078 stability_w=0.844 adjusted=0.4191 best_adjusted=0.4831
[2026-08-08 02:11:57] [ep 055] score=0.4967 best=0.5403 nq=5 ep_ret=-86.342 | metric=-1.000 depth=-0.355 cnot=-0.036 qubit=0.000 rot=-0.036 dead=-0.300 budget=-82.500 repeat=0.000 terminal=0.000
[2026-08-08 02:17:53] >>> [ep 056] TERMINAL EVAL: AUC=0.5135 SENS=0.4349 SPEC=0.5720 THR*=0.507
[2026-08-08 02:17:53] [ep 056] score=0.5323 best=0.5403 nq=4 std_proxy=0.0104 stability_w=0.791 adjusted=0.4211 best_adjusted=0.4831
[2026-08-08 02:17:53] [ep 056] score=0.5323 best=0.5403 nq=5 ep_ret=-86.028 | metric=-1.000 depth=-0.355 cnot=0.000 qubit=0.000 rot=-0.046 dead=-0.600 budget=-82.000 repeat=-0.030 terminal=0.000
[2026-08-08 02:23:41] >>> [ep 057] TERMINAL EVAL: AUC=0.5178 SENS=0.5428 SPEC=0.5062 THR*=0.498
[2026-08-08 02:23:41] [ep 057] score=0.5419 best=0.5403 nq=4 std_proxy=0.0121 stability_w=0.758 adjusted=0.4106 best_adjusted=0.4831
[2026-08-08 02:23:41] [ep 057] score=0.5419 best=0.5403 nq=5 ep_ret=-78.814 | metric=-1.000 depth=-0.355 cnot=-0.204 qubit=0.000 rot=-0.090 dead=-0.950 budget=-74.250 repeat=0.000 terminal=0.000
[2026-08-08 02:29:35] >>> [ep 058] TERMINAL EVAL: AUC=0.4752 SENS=0.6543 SPEC=0.2963 THR*=0.453
[2026-08-08 02:29:35] [ep 058] score=0.4373 best=0.5403 nq=5 std_proxy=0.0131 stability_w=0.739 adjusted=0.3230 best_adjusted=0.4831
[2026-08-08 02:29:35] [ep 058] score=0.4373 best=0.5403 nq=5 ep_ret=-82.001 | metric=-1.000 depth=-0.355 cnot=-0.444 qubit=-0.300 rot=-0.012 dead=-0.500 budget=-77.000 repeat=-0.020 terminal=0.000
[2026-08-08 02:35:29] >>> [ep 059] TERMINAL EVAL: AUC=0.5480 SENS=0.3941 SPEC=0.6420 THR*=0.553
[2026-08-08 02:35:29] [ep 059] score=0.5897 best=0.5403 nq=4 std_proxy=0.0241 stability_w=0.519 adjusted=0.3059 best_adjusted=0.4831
[2026-08-08 02:35:29] [ep 059] score=0.5897 best=0.5403 nq=5 ep_ret=-84.921 | metric=-1.000 depth=-0.355 cnot=-0.492 qubit=0.000 rot=0.000 dead=-0.250 budget=-81.000 repeat=0.000 terminal=0.000
[2026-08-08 02:35:46] >>> [ep 060] TERMINAL EVAL: AUC=0.5000 SENS=0.0000 SPEC=0.0000 THR*=0.500
[2026-08-08 02:35:46] [ep 060] score=0.1793 best=0.5403 nq=4 std_proxy=0.0000 stability_w=1.000 adjusted=0.1793 best_adjusted=0.4831
[2026-08-08 02:35:46] [ep 060] score=0.1793 best=0.5403 nq=5 ep_ret=-88.748 | metric=-1.000 depth=-0.355 cnot=0.000 qubit=0.000 rot=-0.030 dead=-0.500 budget=-84.000 repeat=-0.010 terminal=0.000
[2026-08-08 02:35:46] [health] collapse_count=41 / 60 (spec < terminal_spec_floor)
[2026-08-08 02:35:46] >>> [ep 061] TERMINAL EVAL: AUC=0.5000 SENS=0.0000 SPEC=0.0000 THR*=0.500
[2026-08-08 02:35:46] [ep 061] score=0.1793 best=0.5403 nq=4 std_proxy=0.0000 stability_w=1.000 adjusted=0.1793 best_adjusted=0.4831
[2026-08-08 02:35:46] [ep 061] score=0.1793 best=0.5403 nq=5 ep_ret=-87.527 | metric=-1.000 depth=-0.355 cnot=-0.048 qubit=0.000 rot=-0.032 dead=-0.450 budget=-82.750 repeat=-0.030 terminal=0.000
[2026-08-08 02:35:46] >>> [ep 062] TERMINAL EVAL: AUC=0.5000 SENS=0.0000 SPEC=0.0000 THR*=0.500
[2026-08-08 02:35:46] [ep 062] score=0.1793 best=0.5403 nq=4 std_proxy=0.0000 stability_w=1.000 adjusted=0.1793 best_adjusted=0.4831
[2026-08-08 02:35:46] [ep 062] score=0.1793 best=0.5403 nq=5 ep_ret=-80.408 | metric=-1.000 depth=-0.355 cnot=0.000 qubit=0.000 rot=-0.122 dead=-0.800 budget=-75.250 repeat=-0.010 terminal=0.000
[2026-08-08 02:35:47] >>> [ep 063] TERMINAL EVAL: AUC=0.5000 SENS=0.0000 SPEC=0.0000 THR*=0.500
[2026-08-08 02:35:47] [ep 063] score=0.1793 best=0.5403 nq=4 std_proxy=0.0000 stability_w=1.000 adjusted=0.1793 best_adjusted=0.4831
[2026-08-08 02:35:47] [ep 063] score=0.1793 best=0.5403 nq=5 ep_ret=-86.353 | metric=-1.000 depth=-0.355 cnot=-0.348 qubit=0.000 rot=0.000 dead=-0.500 budget=-81.250 repeat=-0.020 terminal=0.000
[2026-08-08 02:35:47] >>> [ep 064] TERMINAL EVAL: AUC=0.5000 SENS=0.0000 SPEC=0.0000 THR*=0.500
[2026-08-08 02:35:47] [ep 064] score=0.1793 best=0.5403 nq=4 std_proxy=0.0000 stability_w=1.000 adjusted=0.1793 best_adjusted=0.4831
[2026-08-08 02:35:47] [ep 064] score=0.1793 best=0.5403 nq=5 ep_ret=-86.412 | metric=-1.000 depth=-0.355 cnot=0.000 qubit=0.000 rot=-0.048 dead=-0.350 budget=-81.750 repeat=-0.020 terminal=0.000
[2026-08-08 02:35:47] >>> [ep 065] TERMINAL EVAL: AUC=0.5000 SENS=0.0000 SPEC=0.0000 THR*=0.500
[2026-08-08 02:35:47] [ep 065] score=0.1793 best=0.5403 nq=4 std_proxy=0.0000 stability_w=1.000 adjusted=0.1793 best_adjusted=0.4831
[2026-08-08 02:35:47] [ep 065] score=0.1793 best=0.5403 nq=5 ep_ret=-77.101 | metric=-1.000 depth=-0.355 cnot=-1.032 qubit=0.000 rot=-0.006 dead=-0.300 budget=-71.500 repeat=-0.010 terminal=0.000
[2026-08-08 02:35:47] >>> [ep 066] TERMINAL EVAL: AUC=0.5000 SENS=0.0000 SPEC=0.0000 THR*=0.500
[2026-08-08 02:35:47] [ep 066] score=0.1793 best=0.5403 nq=4 std_proxy=0.0000 stability_w=1.000 adjusted=0.1793 best_adjusted=0.4831
[2026-08-08 02:35:47] [ep 066] score=0.1793 best=0.5403 nq=5 ep_ret=-2.906 | metric=-0.350 depth=-0.095 cnot=-0.096 qubit=0.000 rot=-0.008 dead=-0.750 budget=0.000 repeat=0.000 terminal=0.000
[2026-08-08 02:35:47] >>> [ep 067] TERMINAL EVAL: AUC=0.5000 SENS=0.0000 SPEC=0.0000 THR*=0.500
[2026-08-08 02:35:47] [ep 067] score=0.1793 best=0.5403 nq=4 std_proxy=0.0000 stability_w=1.000 adjusted=0.1793 best_adjusted=0.4831
[2026-08-08 02:35:47] [ep 067] score=0.1793 best=0.5403 nq=5 ep_ret=-79.665 | metric=-1.000 depth=-0.355 cnot=-0.300 qubit=0.000 rot=-0.084 dead=-0.500 budget=-74.500 repeat=-0.010 terminal=0.000
[2026-08-08 02:35:48] >>> [ep 068] TERMINAL EVAL: AUC=0.5000 SENS=0.0000 SPEC=0.0000 THR*=0.500
[2026-08-08 02:35:48] [ep 068] score=0.1793 best=0.5403 nq=4 std_proxy=0.0000 stability_w=1.000 adjusted=0.1793 best_adjusted=0.4831
[2026-08-08 02:35:48] [ep 068] score=0.1793 best=0.5403 nq=5 ep_ret=-88.626 | metric=-1.000 depth=-0.355 cnot=0.000 qubit=0.000 rot=-0.036 dead=-1.000 budget=-83.250 repeat=-0.030 terminal=0.000
[2026-08-08 02:41:56] >>> [ep 069] TERMINAL EVAL: AUC=0.5104 SENS=0.0743 SPEC=0.9383 THR*=0.601
[2026-08-08 02:41:56] [ep 069] score=0.5222 best=0.5403 nq=5 std_proxy=0.0162 stability_w=0.675 adjusted=0.3525 best_adjusted=0.4831
[2026-08-08 02:41:56] [ep 069] score=0.5222 best=0.5403 nq=5 ep_ret=-80.357 | metric=-1.000 depth=-0.355 cnot=-0.288 qubit=-0.175 rot=-0.046 dead=-0.400 budget=-76.000 repeat=-0.010 terminal=0.000
[2026-08-08 02:41:57] >>> [ep 070] TERMINAL EVAL: AUC=0.5000 SENS=0.0000 SPEC=0.0000 THR*=0.500
[2026-08-08 02:41:57] [ep 070] score=0.1793 best=0.5403 nq=4 std_proxy=0.0000 stability_w=1.000 adjusted=0.1793 best_adjusted=0.4831
[2026-08-08 02:41:57] [ep 070] score=0.1793 best=0.5403 nq=5 ep_ret=-81.930 | metric=-1.000 depth=-0.355 cnot=-0.372 qubit=0.000 rot=-0.040 dead=-0.950 budget=-76.250 repeat=-0.020 terminal=0.000
[2026-08-08 02:41:57] [health] collapse_count=50 / 70 (spec < terminal_spec_floor)
[2026-08-08 02:41:57] >>> [ep 071] TERMINAL EVAL: AUC=0.5000 SENS=0.0000 SPEC=0.0000 THR*=0.500
[2026-08-08 02:41:57] [ep 071] score=0.1793 best=0.5403 nq=4 std_proxy=0.0000 stability_w=1.000 adjusted=0.1793 best_adjusted=0.4831
[2026-08-08 02:41:57] [ep 071] score=0.1793 best=0.5403 nq=5 ep_ret=-49.467 | metric=-0.900 depth=-0.315 cnot=-0.840 qubit=0.000 rot=-0.040 dead=-0.600 budget=-44.000 repeat=-0.020 terminal=0.000
[2026-08-08 02:41:57] >>> [ep 072] TERMINAL EVAL: AUC=0.5000 SENS=0.0000 SPEC=0.0000 THR*=0.500
[2026-08-08 02:41:57] [ep 072] score=0.1793 best=0.5403 nq=4 std_proxy=0.0000 stability_w=1.000 adjusted=0.1793 best_adjusted=0.4831
[2026-08-08 02:41:57] [ep 072] score=0.1793 best=0.5403 nq=5 ep_ret=-83.972 | metric=-1.000 depth=-0.355 cnot=-0.276 qubit=0.000 rot=-0.030 dead=-1.050 budget=-78.250 repeat=-0.030 terminal=0.000
[2026-08-08 02:41:57] >>> [ep 073] TERMINAL EVAL: AUC=0.5000 SENS=0.0000 SPEC=0.0000 THR*=0.500
[2026-08-08 02:41:57] [ep 073] score=0.1793 best=0.5403 nq=4 std_proxy=0.0000 stability_w=1.000 adjusted=0.1793 best_adjusted=0.4831
[2026-08-08 02:41:57] [ep 073] score=0.1793 best=0.5403 nq=5 ep_ret=-90.551 | metric=-1.000 depth=-0.355 cnot=-0.096 qubit=0.000 rot=0.000 dead=-0.350 budget=-85.750 repeat=-0.030 terminal=0.000
[2026-08-08 02:47:52] >>> [ep 074] TERMINAL EVAL: AUC=0.5358 SENS=0.9851 SPEC=0.0165 THR*=0.426
[2026-08-08 02:47:52] [ep 074] score=0.5345 best=0.5403 nq=5 std_proxy=0.0106 stability_w=0.788 adjusted=0.4210 best_adjusted=0.4831
[2026-08-08 02:47:52] [ep 074] score=0.5345 best=0.5403 nq=5 ep_ret=-73.110 | metric=-1.000 depth=-0.355 cnot=-0.852 qubit=-0.650 rot=-0.036 dead=-0.800 budget=-67.500 repeat=-0.020 terminal=0.000
[2026-08-08 02:47:52] >>> [ep 075] TERMINAL EVAL: AUC=0.5000 SENS=0.0000 SPEC=0.0000 THR*=0.500
[2026-08-08 02:47:52] [ep 075] score=0.1793 best=0.5403 nq=4 std_proxy=0.0000 stability_w=1.000 adjusted=0.1793 best_adjusted=0.4831
[2026-08-08 02:47:52] [ep 075] score=0.1793 best=0.5403 nq=5 ep_ret=-87.137 | metric=-1.000 depth=-0.355 cnot=-0.048 qubit=0.000 rot=-0.036 dead=-0.450 budget=-82.250 repeat=-0.010 terminal=0.000
[2026-08-08 02:47:53] >>> [ep 076] TERMINAL EVAL: AUC=0.5000 SENS=0.0000 SPEC=0.0000 THR*=0.500
[2026-08-08 02:47:53] [ep 076] score=0.1793 best=0.5403 nq=4 std_proxy=0.0000 stability_w=1.000 adjusted=0.1793 best_adjusted=0.4831
[2026-08-08 02:47:53] [ep 076] score=0.1793 best=0.5403 nq=5 ep_ret=-86.870 | metric=-1.000 depth=-0.355 cnot=-0.348 qubit=0.000 rot=0.000 dead=-0.900 budget=-81.250 repeat=-0.020 terminal=0.000
[2026-08-08 02:47:53] >>> [ep 077] TERMINAL EVAL: AUC=0.5000 SENS=0.0000 SPEC=0.0000 THR*=0.500
[2026-08-08 02:47:53] [ep 077] score=0.1793 best=0.5403 nq=4 std_proxy=0.0000 stability_w=1.000 adjusted=0.1793 best_adjusted=0.4831
[2026-08-08 02:47:53] [ep 077] score=0.1793 best=0.5403 nq=5 ep_ret=-86.591 | metric=-1.000 depth=-0.355 cnot=-0.156 qubit=0.000 rot=-0.024 dead=-0.550 budget=-81.500 repeat=0.000 terminal=0.000
[2026-08-08 02:47:53] >>> [ep 078] TERMINAL EVAL: AUC=0.5000 SENS=0.0000 SPEC=0.0000 THR*=0.500
[2026-08-08 02:47:53] [ep 078] score=0.1793 best=0.5403 nq=4 std_proxy=0.0000 stability_w=1.000 adjusted=0.1793 best_adjusted=0.4831
[2026-08-08 02:47:53] [ep 078] score=0.1793 best=0.5403 nq=5 ep_ret=-82.124 | metric=-1.000 depth=-0.355 cnot=0.000 qubit=0.000 rot=-0.084 dead=-0.400 budget=-77.250 repeat=-0.020 terminal=0.000
[2026-08-08 02:47:53] >>> [ep 079] TERMINAL EVAL: AUC=0.5000 SENS=0.0000 SPEC=0.0000 THR*=0.500
[2026-08-08 02:47:53] [ep 079] score=0.1793 best=0.5403 nq=4 std_proxy=0.0000 stability_w=1.000 adjusted=0.1793 best_adjusted=0.4831
[2026-08-08 02:47:53] [ep 079] score=0.1793 best=0.5403 nq=5 ep_ret=-75.535 | metric=-1.000 depth=-0.355 cnot=-0.552 qubit=0.000 rot=-0.054 dead=-0.550 budget=-70.000 repeat=0.000 terminal=0.000
[2026-08-08 02:47:53] >>> [ep 080] TERMINAL EVAL: AUC=0.5000 SENS=0.0000 SPEC=0.0000 THR*=0.500
[2026-08-08 02:47:53] [ep 080] score=0.1793 best=0.5403 nq=4 std_proxy=0.0000 stability_w=1.000 adjusted=0.1793 best_adjusted=0.4831
[2026-08-08 02:47:53] [ep 080] score=0.1793 best=0.5403 nq=5 ep_ret=-89.802 | metric=-1.000 depth=-0.355 cnot=-0.144 qubit=0.000 rot=0.000 dead=-0.500 budget=-84.750 repeat=-0.020 terminal=0.000
[2026-08-08 02:47:53] [health] collapse_count=60 / 80 (spec < terminal_spec_floor)
[2026-08-08 02:47:54] >>> [ep 081] TERMINAL EVAL: AUC=0.5000 SENS=0.0000 SPEC=0.0000 THR*=0.500
[2026-08-08 02:47:54] [ep 081] score=0.1793 best=0.5403 nq=4 std_proxy=0.0000 stability_w=1.000 adjusted=0.1793 best_adjusted=0.4831
[2026-08-08 02:47:54] [ep 081] score=0.1793 best=0.5403 nq=5 ep_ret=-66.067 | metric=-1.000 depth=-0.355 cnot=-0.840 qubit=0.000 rot=-0.150 dead=-1.150 budget=-59.500 repeat=-0.030 terminal=0.000
[2026-08-08 02:47:54] >>> [ep 082] TERMINAL EVAL: AUC=0.5000 SENS=0.0000 SPEC=0.0000 THR*=0.500
[2026-08-08 02:47:54] [ep 082] score=0.1793 best=0.5403 nq=4 std_proxy=0.0000 stability_w=1.000 adjusted=0.1793 best_adjusted=0.4831
[2026-08-08 02:47:54] [ep 082] score=0.1793 best=0.5403 nq=5 ep_ret=-86.278 | metric=-1.000 depth=-0.355 cnot=-0.060 qubit=0.000 rot=-0.042 dead=-0.500 budget=-81.250 repeat=-0.020 terminal=0.000
[2026-08-08 02:47:54] >>> [ep 083] TERMINAL EVAL: AUC=0.5000 SENS=0.0000 SPEC=0.0000 THR*=0.500
[2026-08-08 02:47:54] [ep 083] score=0.1793 best=0.5403 nq=4 std_proxy=0.0000 stability_w=1.000 adjusted=0.1793 best_adjusted=0.4831
[2026-08-08 02:47:54] [ep 083] score=0.1793 best=0.5403 nq=5 ep_ret=-75.775 | metric=-1.000 depth=-0.355 cnot=-0.324 qubit=0.000 rot=-0.106 dead=-0.900 budget=-70.000 repeat=-0.030 terminal=0.000
[2026-08-08 02:47:54] >>> [ep 084] TERMINAL EVAL: AUC=0.5000 SENS=0.0000 SPEC=0.0000 THR*=0.500
[2026-08-08 02:47:54] [ep 084] score=0.1793 best=0.5403 nq=4 std_proxy=0.0000 stability_w=1.000 adjusted=0.1793 best_adjusted=0.4831
[2026-08-08 02:47:54] [ep 084] score=0.1793 best=0.5403 nq=5 ep_ret=-75.926 | metric=-1.000 depth=-0.355 cnot=-0.732 qubit=0.000 rot=-0.040 dead=-0.700 budget=-70.000 repeat=-0.030 terminal=0.000
[2026-08-08 02:47:55] >>> [ep 085] TERMINAL EVAL: AUC=0.5000 SENS=0.0000 SPEC=0.0000 THR*=0.500
[2026-08-08 02:47:55] [ep 085] score=0.1793 best=0.5403 nq=4 std_proxy=0.0000 stability_w=1.000 adjusted=0.1793 best_adjusted=0.4831
[2026-08-08 02:47:55] [ep 085] score=0.1793 best=0.5403 nq=5 ep_ret=-85.769 | metric=-1.000 depth=-0.355 cnot=-0.132 qubit=0.000 rot=-0.034 dead=-0.400 budget=-80.750 repeat=0.000 terminal=0.000
[2026-08-08 02:47:55] >>> [ep 086] TERMINAL EVAL: AUC=0.5000 SENS=0.0000 SPEC=0.0000 THR*=0.500
[2026-08-08 02:47:55] [ep 086] score=0.1793 best=0.5403 nq=4 std_proxy=0.0000 stability_w=1.000 adjusted=0.1793 best_adjusted=0.4831
[2026-08-08 02:47:55] [ep 086] score=0.1793 best=0.5403 nq=5 ep_ret=-75.262 | metric=-1.000 depth=-0.355 cnot=-1.008 qubit=0.000 rot=-0.012 dead=-0.300 budget=-69.500 repeat=0.000 terminal=0.000
[2026-08-08 02:47:55] >>> [ep 087] TERMINAL EVAL: AUC=0.5000 SENS=0.0000 SPEC=0.0000 THR*=0.500
[2026-08-08 02:47:55] [ep 087] score=0.1793 best=0.5403 nq=4 std_proxy=0.0000 stability_w=1.000 adjusted=0.1793 best_adjusted=0.4831
[2026-08-08 02:47:55] [ep 087] score=0.1793 best=0.5403 nq=5 ep_ret=-76.668 | metric=-1.000 depth=-0.355 cnot=-0.708 qubit=0.000 rot=-0.028 dead=-0.450 budget=-71.000 repeat=-0.010 terminal=0.000
[2026-08-08 02:47:55] >>> [ep 088] TERMINAL EVAL: AUC=0.5000 SENS=0.0000 SPEC=0.0000 THR*=0.500
[2026-08-08 02:47:55] [ep 088] score=0.1793 best=0.5403 nq=4 std_proxy=0.0000 stability_w=1.000 adjusted=0.1793 best_adjusted=0.4831
[2026-08-08 02:47:55] [ep 088] score=0.1793 best=0.5403 nq=5 ep_ret=-90.275 | metric=-1.000 depth=-0.355 cnot=0.000 qubit=0.000 rot=-0.024 dead=-1.000 budget=-84.750 repeat=-0.040 terminal=0.000
[2026-08-08 02:47:55] >>> [ep 089] TERMINAL EVAL: AUC=0.5000 SENS=0.0000 SPEC=0.0000 THR*=0.500
[2026-08-08 02:47:55] [ep 089] score=0.1793 best=0.5403 nq=4 std_proxy=0.0000 stability_w=1.000 adjusted=0.1793 best_adjusted=0.4831
[2026-08-08 02:47:55] [ep 089] score=0.1793 best=0.5403 nq=5 ep_ret=-84.376 | metric=-1.000 depth=-0.355 cnot=0.000 qubit=0.000 rot=-0.086 dead=-0.800 budget=-79.000 repeat=-0.020 terminal=0.000
[2026-08-08 02:47:56] >>> [ep 090] TERMINAL EVAL: AUC=0.5000 SENS=0.0000 SPEC=0.0000 THR*=0.500
[2026-08-08 02:47:56] [ep 090] score=0.1793 best=0.5403 nq=4 std_proxy=0.0000 stability_w=1.000 adjusted=0.1793 best_adjusted=0.4831
[2026-08-08 02:47:56] [ep 090] score=0.1793 best=0.5403 nq=5 ep_ret=-80.471 | metric=-1.000 depth=-0.355 cnot=-0.252 qubit=0.000 rot=-0.060 dead=-0.650 budget=-75.000 repeat=-0.030 terminal=0.000
[2026-08-08 02:47:56] [health] collapse_count=70 / 90 (spec < terminal_spec_floor)
[2026-08-08 02:47:56] >>> [ep 091] TERMINAL EVAL: AUC=0.5000 SENS=0.0000 SPEC=0.0000 THR*=0.500
[2026-08-08 02:47:56] [ep 091] score=0.1793 best=0.5403 nq=4 std_proxy=0.0000 stability_w=1.000 adjusted=0.1793 best_adjusted=0.4831
[2026-08-08 02:47:56] [ep 091] score=0.1793 best=0.5403 nq=5 ep_ret=-75.516 | metric=-1.000 depth=-0.355 cnot=-0.252 qubit=0.000 rot=-0.136 dead=-0.850 budget=-69.750 repeat=-0.020 terminal=0.000
[2026-08-08 02:47:56] >>> [ep 092] TERMINAL EVAL: AUC=0.5000 SENS=0.0000 SPEC=0.0000 THR*=0.500
[2026-08-08 02:47:56] [ep 092] score=0.1793 best=0.5403 nq=4 std_proxy=0.0000 stability_w=1.000 adjusted=0.1793 best_adjusted=0.4831
[2026-08-08 02:47:56] [ep 092] score=0.1793 best=0.5403 nq=5 ep_ret=-82.353 | metric=-1.000 depth=-0.355 cnot=-0.228 qubit=0.000 rot=-0.078 dead=-1.050 budget=-76.500 repeat=0.000 terminal=0.000
[2026-08-08 02:47:56] >>> [ep 093] TERMINAL EVAL: AUC=0.5000 SENS=0.0000 SPEC=0.0000 THR*=0.500
[2026-08-08 02:47:56] [ep 093] score=0.1793 best=0.5403 nq=4 std_proxy=0.0000 stability_w=1.000 adjusted=0.1793 best_adjusted=0.4831
[2026-08-08 02:47:56] [ep 093] score=0.1793 best=0.5403 nq=5 ep_ret=-78.278 | metric=-1.000 depth=-0.355 cnot=0.000 qubit=0.000 rot=-0.152 dead=-0.600 budget=-73.000 repeat=-0.010 terminal=0.000
[2026-08-08 02:47:56] >>> [ep 094] TERMINAL EVAL: AUC=0.5000 SENS=0.0000 SPEC=0.0000 THR*=0.500
[2026-08-08 02:47:56] [ep 094] score=0.1793 best=0.5403 nq=4 std_proxy=0.0000 stability_w=1.000 adjusted=0.1793 best_adjusted=0.4831
[2026-08-08 02:47:56] [ep 094] score=0.1793 best=0.5403 nq=5 ep_ret=-74.541 | metric=-1.000 depth=-0.355 cnot=-0.168 qubit=0.000 rot=-0.138 dead=-0.450 budget=-69.250 repeat=-0.020 terminal=0.000
[2026-08-08 02:47:57] >>> [ep 095] TERMINAL EVAL: AUC=0.5000 SENS=0.0000 SPEC=0.0000 THR*=0.500
[2026-08-08 02:47:57] [ep 095] score=0.1793 best=0.5403 nq=4 std_proxy=0.0000 stability_w=1.000 adjusted=0.1793 best_adjusted=0.4831
[2026-08-08 02:47:57] [ep 095] score=0.1793 best=0.5403 nq=5 ep_ret=-93.044 | metric=-1.000 depth=-0.355 cnot=0.000 qubit=0.000 rot=0.000 dead=-0.750 budget=-87.750 repeat=-0.020 terminal=0.000
[2026-08-08 02:47:57] >>> [ep 096] TERMINAL EVAL: AUC=0.5000 SENS=0.0000 SPEC=0.0000 THR*=0.500
[2026-08-08 02:47:57] [ep 096] score=0.1793 best=0.5403 nq=4 std_proxy=0.0000 stability_w=1.000 adjusted=0.1793 best_adjusted=0.4831
[2026-08-08 02:47:57] [ep 096] score=0.1793 best=0.5403 nq=5 ep_ret=-79.171 | metric=-1.000 depth=-0.355 cnot=-0.372 qubit=0.000 rot=-0.066 dead=-0.700 budget=-73.500 repeat=0.000 terminal=0.000
[2026-08-08 02:47:57] >>> [ep 097] TERMINAL EVAL: AUC=0.5000 SENS=0.0000 SPEC=0.0000 THR*=0.500
[2026-08-08 02:47:57] [ep 097] score=0.1793 best=0.5403 nq=4 std_proxy=0.0000 stability_w=1.000 adjusted=0.1793 best_adjusted=0.4831
[2026-08-08 02:47:57] [ep 097] score=0.1793 best=0.5403 nq=5 ep_ret=-79.466 | metric=-1.000 depth=-0.355 cnot=-0.540 qubit=0.000 rot=-0.024 dead=-0.850 budget=-73.500 repeat=-0.010 terminal=0.000
[2026-08-08 02:53:46] >>> [ep 098] TERMINAL EVAL: AUC=0.5229 SENS=0.0595 SPEC=0.9136 THR*=0.529
[2026-08-08 02:53:46] [ep 098] score=0.5057 best=0.5403 nq=4 std_proxy=0.0090 stability_w=0.820 adjusted=0.4145 best_adjusted=0.4831
[2026-08-08 02:53:46] [ep 098] score=0.5057 best=0.5403 nq=5 ep_ret=-73.993 | metric=-1.000 depth=-0.355 cnot=-1.020 qubit=0.000 rot=0.000 dead=-0.500 budget=-69.000 repeat=-0.020 terminal=0.000
[2026-08-08 02:59:53] >>> [ep 099] TERMINAL EVAL: AUC=0.5214 SENS=0.2416 SPEC=0.8148 THR*=0.535
[2026-08-08 02:59:53] [ep 099] score=0.5378 best=0.5403 nq=4 std_proxy=0.0137 stability_w=0.727 adjusted=0.3909 best_adjusted=0.4831
[2026-08-08 02:59:53] [ep 099] score=0.5378 best=0.5403 nq=5 ep_ret=-79.826 | metric=-1.000 depth=-0.355 cnot=-0.276 qubit=0.000 rot=-0.058 dead=-0.650 budget=-75.500 repeat=-0.030 terminal=0.000
[2026-08-08 03:05:38] >>> [ep 100] TERMINAL EVAL: AUC=0.4992 SENS=0.9703 SPEC=0.0494 THR*=0.443
[2026-08-08 03:05:38] [ep 100] score=0.4680 best=0.5403 nq=4 std_proxy=0.0111 stability_w=0.778 adjusted=0.3640 best_adjusted=0.4831
[2026-08-08 03:05:38] [ep 100] score=0.4680 best=0.5403 nq=5 ep_ret=-75.284 | metric=-1.000 depth=-0.355 cnot=-0.288 qubit=0.000 rot=-0.088 dead=-0.600 budget=-70.750 repeat=-0.040 terminal=0.000
[2026-08-08 03:05:38] [health] collapse_count=78 / 100 (spec < terminal_spec_floor)
[2026-08-08 03:05:55] >>> [ep 101] TERMINAL EVAL: AUC=0.5000 SENS=0.0000 SPEC=0.0000 THR*=0.500
[2026-08-08 03:05:55] [ep 101] score=0.1793 best=0.5403 nq=4 std_proxy=0.0000 stability_w=1.000 adjusted=0.1793 best_adjusted=0.4831
[2026-08-08 03:05:55] [ep 101] score=0.1793 best=0.5403 nq=5 ep_ret=-93.988 | metric=-2.000 depth=-0.355 cnot=0.000 qubit=0.000 rot=0.000 dead=-0.650 budget=-87.750 repeat=-0.010 terminal=0.000
[2026-08-08 03:05:55] >>> [ep 102] TERMINAL EVAL: AUC=0.5000 SENS=0.0000 SPEC=0.0000 THR*=0.500
[2026-08-08 03:05:55] [ep 102] score=0.1793 best=0.5403 nq=4 std_proxy=0.0000 stability_w=1.000 adjusted=0.1793 best_adjusted=0.4831
[2026-08-08 03:05:55] [ep 102] score=0.1793 best=0.5403 nq=5 ep_ret=-87.807 | metric=-2.000 depth=-0.355 cnot=-0.480 qubit=0.000 rot=0.000 dead=-0.450 budget=-81.250 repeat=-0.030 terminal=0.000
[2026-08-08 03:05:56] >>> [ep 103] TERMINAL EVAL: AUC=0.5000 SENS=0.0000 SPEC=0.0000 THR*=0.500
[2026-08-08 03:05:56] [ep 103] score=0.1793 best=0.5403 nq=4 std_proxy=0.0000 stability_w=1.000 adjusted=0.1793 best_adjusted=0.4831
[2026-08-08 03:05:56] [ep 103] score=0.1793 best=0.5403 nq=5 ep_ret=-87.998 | metric=-2.000 depth=-0.355 cnot=-0.372 qubit=0.000 rot=0.000 dead=-0.750 budget=-81.250 repeat=-0.030 terminal=0.000
[2026-08-08 03:05:56] >>> [ep 104] TERMINAL EVAL: AUC=0.5000 SENS=0.0000 SPEC=0.0000 THR*=0.500
[2026-08-08 03:05:56] [ep 104] score=0.1793 best=0.5403 nq=4 std_proxy=0.0000 stability_w=1.000 adjusted=0.1793 best_adjusted=0.4831
[2026-08-08 03:05:56] [ep 104] score=0.1793 best=0.5403 nq=5 ep_ret=-35.203 | metric=-1.500 depth=-0.255 cnot=0.000 qubit=0.000 rot=-0.038 dead=-0.650 budget=-30.000 repeat=-0.010 terminal=0.000
[2026-08-08 03:11:59] >>> [ep 105] TERMINAL EVAL: AUC=0.5769 SENS=0.6543 SPEC=0.4733 THR*=0.465
[2026-08-08 03:11:59] [ep 105] score=0.6036 best=0.5403 nq=5 std_proxy=0.0438 stability_w=0.124 adjusted=0.0746 best_adjusted=0.4831
[2026-08-08 03:11:59] [ep 105] score=0.6036 best=0.5403 nq=5 ep_ret=-72.358 | metric=-2.000 depth=-0.355 cnot=-0.492 qubit=-0.450 rot=-0.084 dead=-0.300 budget=-67.000 repeat=-0.020 terminal=0.000
[2026-08-08 03:11:59] >>> [ep 106] TERMINAL EVAL: AUC=0.5000 SENS=0.0000 SPEC=0.0000 THR*=0.500
[2026-08-08 03:11:59] [ep 106] score=0.1793 best=0.5403 nq=4 std_proxy=0.0000 stability_w=1.000 adjusted=0.1793 best_adjusted=0.4831
[2026-08-08 03:11:59] [ep 106] score=0.1793 best=0.5403 nq=5 ep_ret=-79.029 | metric=-2.000 depth=-0.355 cnot=0.000 qubit=0.000 rot=-0.136 dead=-1.500 budget=-71.750 repeat=-0.020 terminal=0.000
[2026-08-08 03:11:59] >>> [ep 107] TERMINAL EVAL: AUC=0.5000 SENS=0.0000 SPEC=0.0000 THR*=0.500
[2026-08-08 03:11:59] [ep 107] score=0.1793 best=0.5403 nq=4 std_proxy=0.0000 stability_w=1.000 adjusted=0.1793 best_adjusted=0.4831
[2026-08-08 03:11:59] [ep 107] score=0.1793 best=0.5403 nq=5 ep_ret=-89.154 | metric=-2.000 depth=-0.355 cnot=-0.252 qubit=0.000 rot=0.000 dead=-0.750 budget=-82.500 repeat=-0.020 terminal=0.000
[2026-08-08 03:11:59] >>> [ep 108] TERMINAL EVAL: AUC=0.5000 SENS=0.0000 SPEC=0.0000 THR*=0.500
[2026-08-08 03:11:59] [ep 108] score=0.1793 best=0.5403 nq=4 std_proxy=0.0000 stability_w=1.000 adjusted=0.1793 best_adjusted=0.4831
[2026-08-08 03:11:59] [ep 108] score=0.1793 best=0.5403 nq=5 ep_ret=-84.543 | metric=-2.000 depth=-0.355 cnot=-0.144 qubit=0.000 rot=-0.068 dead=-0.400 budget=-78.250 repeat=-0.040 terminal=0.000
[2026-08-08 03:18:02] >>> [ep 109] TERMINAL EVAL: AUC=0.5202 SENS=0.0372 SPEC=0.9877 THR*=0.544
[2026-08-08 03:18:02] [ep 109] score=0.5396 best=0.5403 nq=5 std_proxy=0.0188 stability_w=0.623 adjusted=0.3363 best_adjusted=0.4831
[2026-08-08 03:18:02] [ep 109] score=0.5396 best=0.5403 nq=5 ep_ret=-86.763 | metric=-2.000 depth=-0.355 cnot=-0.360 qubit=-0.050 rot=0.000 dead=-0.750 budget=-81.250 repeat=-0.040 terminal=0.000
[2026-08-08 03:18:03] >>> [ep 110] TERMINAL EVAL: AUC=0.5000 SENS=0.0000 SPEC=0.0000 THR*=0.500
[2026-08-08 03:18:03] [ep 110] score=0.1793 best=0.5403 nq=4 std_proxy=0.0000 stability_w=1.000 adjusted=0.1793 best_adjusted=0.4831
[2026-08-08 03:18:03] [ep 110] score=0.1793 best=0.5403 nq=5 ep_ret=-87.989 | metric=-2.000 depth=-0.355 cnot=0.000 qubit=0.000 rot=-0.070 dead=-1.000 budget=-81.250 repeat=-0.010 terminal=0.000
[2026-08-08 03:18:03] [health] collapse_count=86 / 110 (spec < terminal_spec_floor)
[2026-08-08 03:18:03] >>> [ep 111] TERMINAL EVAL: AUC=0.5000 SENS=0.0000 SPEC=0.0000 THR*=0.500
[2026-08-08 03:18:03] [ep 111] score=0.1793 best=0.5403 nq=4 std_proxy=0.0000 stability_w=1.000 adjusted=0.1793 best_adjusted=0.4831
[2026-08-08 03:18:03] [ep 111] score=0.1793 best=0.5403 nq=5 ep_ret=-85.122 | metric=-2.000 depth=-0.355 cnot=-0.444 qubit=0.000 rot=0.000 dead=-0.500 budget=-78.500 repeat=-0.010 terminal=0.000
[2026-08-08 03:18:03] >>> [ep 112] TERMINAL EVAL: AUC=0.5000 SENS=0.0000 SPEC=0.0000 THR*=0.500
[2026-08-08 03:18:03] [ep 112] score=0.1793 best=0.5403 nq=4 std_proxy=0.0000 stability_w=1.000 adjusted=0.1793 best_adjusted=0.4831
[2026-08-08 03:18:03] [ep 112] score=0.1793 best=0.5403 nq=5 ep_ret=-40.835 | metric=-1.600 depth=-0.275 cnot=0.000 qubit=0.000 rot=-0.058 dead=-0.450 budget=-35.500 repeat=-0.030 terminal=0.000
[2026-08-08 03:21:42] >>> [ep 113] TERMINAL EVAL: AUC=0.5605 SENS=0.4461 SPEC=0.6708 THR*=0.630
[2026-08-08 03:21:42] [ep 113] score=0.6301 best=0.6301 nq=6 std_proxy=0.0069 stability_w=0.862 adjusted=0.5431 best_adjusted=0.5431
[2026-08-08 03:21:42] [ep 113] score=0.6301 best=0.6301 nq=6 ep_ret=-4.009 | metric=-0.900 depth=-0.135 cnot=-0.180 qubit=-0.400 rot=0.000 dead=-0.450 budget=-1.500 repeat=0.000 terminal=0.000
[2026-08-08 03:21:42] >>> [ep 114] TERMINAL EVAL: AUC=0.5000 SENS=0.0000 SPEC=0.0000 THR*=0.500
[2026-08-08 03:21:42] [ep 114] score=0.1793 best=0.6301 nq=4 std_proxy=0.0000 stability_w=1.000 adjusted=0.1793 best_adjusted=0.5431
[2026-08-08 03:21:42] [ep 114] score=0.1793 best=0.6301 nq=6 ep_ret=-7.825 | metric=-1.000 depth=-0.155 cnot=-0.180 qubit=0.000 rot=0.000 dead=-0.400 budget=-3.750 repeat=0.000 terminal=0.000
[2026-08-08 03:21:43] >>> [ep 115] TERMINAL EVAL: AUC=0.5000 SENS=0.0000 SPEC=0.0000 THR*=0.500
[2026-08-08 03:21:43] [ep 115] score=0.1793 best=0.6301 nq=4 std_proxy=0.0000 stability_w=1.000 adjusted=0.1793 best_adjusted=0.5431
[2026-08-08 03:21:43] [ep 115] score=0.1793 best=0.6301 nq=6 ep_ret=-76.554 | metric=-2.000 depth=-0.355 cnot=-0.456 qubit=0.000 rot=-0.114 dead=-0.250 budget=-70.000 repeat=-0.030 terminal=0.000
[2026-08-08 03:21:43] >>> [ep 116] TERMINAL EVAL: AUC=0.5000 SENS=0.0000 SPEC=0.0000 THR*=0.500
[2026-08-08 03:21:43] [ep 116] score=0.1793 best=0.6301 nq=4 std_proxy=0.0000 stability_w=1.000 adjusted=0.1793 best_adjusted=0.5431
[2026-08-08 03:21:43] [ep 116] score=0.1793 best=0.6301 nq=6 ep_ret=-87.493 | metric=-2.000 depth=-0.355 cnot=0.000 qubit=0.000 rot=-0.060 dead=-0.450 budget=-81.250 repeat=-0.020 terminal=0.000
[2026-08-08 03:21:43] >>> [ep 117] TERMINAL EVAL: AUC=0.5000 SENS=0.0000 SPEC=0.0000 THR*=0.500
[2026-08-08 03:21:43] [ep 117] score=0.1793 best=0.6301 nq=4 std_proxy=0.0000 stability_w=1.000 adjusted=0.1793 best_adjusted=0.5431
[2026-08-08 03:21:43] [ep 117] score=0.1793 best=0.6301 nq=6 ep_ret=-85.992 | metric=-2.000 depth=-0.355 cnot=-0.444 qubit=0.000 rot=-0.016 dead=-0.550 budget=-79.250 repeat=-0.010 terminal=0.000
[2026-08-08 03:21:43] >>> [ep 118] TERMINAL EVAL: AUC=0.5000 SENS=0.0000 SPEC=0.0000 THR*=0.500
[2026-08-08 03:21:43] [ep 118] score=0.1793 best=0.6301 nq=4 std_proxy=0.0000 stability_w=1.000 adjusted=0.1793 best_adjusted=0.5431
[2026-08-08 03:21:43] [ep 118] score=0.1793 best=0.6301 nq=6 ep_ret=-18.621 | metric=-1.250 depth=-0.205 cnot=0.000 qubit=0.000 rot=-0.040 dead=-0.750 budget=-13.750 repeat=0.000 terminal=0.000
[2026-08-08 03:21:43] >>> [ep 119] TERMINAL EVAL: AUC=0.5000 SENS=0.0000 SPEC=0.0000 THR*=0.500
[2026-08-08 03:21:43] [ep 119] score=0.1793 best=0.6301 nq=4 std_proxy=0.0000 stability_w=1.000 adjusted=0.1793 best_adjusted=0.5431
[2026-08-08 03:21:43] [ep 119] score=0.1793 best=0.6301 nq=6 ep_ret=-94.200 | metric=-2.000 depth=-0.355 cnot=0.000 qubit=0.000 rot=0.000 dead=-0.700 budget=-87.750 repeat=-0.010 terminal=0.000
[2026-08-08 03:21:44] >>> [ep 120] TERMINAL EVAL: AUC=0.5000 SENS=0.0000 SPEC=0.0000 THR*=0.500
[2026-08-08 03:21:44] [ep 120] score=0.1793 best=0.6301 nq=4 std_proxy=0.0000 stability_w=1.000 adjusted=0.1793 best_adjusted=0.5431
[2026-08-08 03:21:44] [ep 120] score=0.1793 best=0.6301 nq=6 ep_ret=-81.695 | metric=-2.000 depth=-0.355 cnot=-0.456 qubit=0.000 rot=-0.080 dead=-0.400 budget=-75.000 repeat=-0.010 terminal=0.000
[2026-08-08 03:21:44] [health] collapse_count=95 / 120 (spec < terminal_spec_floor)
[2026-08-08 03:21:44] >>> [ep 121] TERMINAL EVAL: AUC=0.5000 SENS=0.0000 SPEC=0.0000 THR*=0.500
[2026-08-08 03:21:44] [ep 121] score=0.1793 best=0.6301 nq=4 std_proxy=0.0000 stability_w=1.000 adjusted=0.1793 best_adjusted=0.5431
[2026-08-08 03:21:44] [ep 121] score=0.1793 best=0.6301 nq=6 ep_ret=-85.996 | metric=-2.000 depth=-0.355 cnot=0.000 qubit=0.000 rot=-0.068 dead=-0.900 budget=-79.250 repeat=-0.020 terminal=0.000
[2026-08-08 03:21:44] >>> [ep 122] TERMINAL EVAL: AUC=0.5000 SENS=0.0000 SPEC=0.0000 THR*=0.500
[2026-08-08 03:21:44] [ep 122] score=0.1793 best=0.6301 nq=4 std_proxy=0.0000 stability_w=1.000 adjusted=0.1793 best_adjusted=0.5431
[2026-08-08 03:21:44] [ep 122] score=0.1793 best=0.6301 nq=6 ep_ret=-88.226 | metric=-2.000 depth=-0.355 cnot=-0.288 qubit=0.000 rot=0.000 dead=-0.400 budget=-81.750 repeat=-0.030 terminal=0.000
[2026-08-08 03:21:44] >>> [ep 123] TERMINAL EVAL: AUC=0.5000 SENS=0.0000 SPEC=0.0000 THR*=0.500
[2026-08-08 03:21:44] [ep 123] score=0.1793 best=0.6301 nq=4 std_proxy=0.0000 stability_w=1.000 adjusted=0.1793 best_adjusted=0.5431
[2026-08-08 03:21:44] [ep 123] score=0.1793 best=0.6301 nq=6 ep_ret=-68.432 | metric=-2.000 depth=-0.355 cnot=-0.996 qubit=0.000 rot=-0.078 dead=-0.350 budget=-61.250 repeat=0.000 terminal=0.000
[2026-08-08 03:21:44] >>> [ep 124] TERMINAL EVAL: AUC=0.5000 SENS=0.0000 SPEC=0.0000 THR*=0.500
[2026-08-08 03:21:44] [ep 124] score=0.1793 best=0.6301 nq=5 std_proxy=0.0000 stability_w=1.000 adjusted=0.1793 best_adjusted=0.5431
[2026-08-08 03:21:44] [ep 124] score=0.1793 best=0.6301 nq=6 ep_ret=-92.067 | metric=-2.000 depth=-0.355 cnot=0.000 qubit=-0.975 rot=-0.024 dead=-0.500 budget=-84.750 repeat=-0.010 terminal=0.000
[2026-08-08 03:21:44] >>> [ep 125] TERMINAL EVAL: AUC=0.5000 SENS=0.0000 SPEC=0.0000 THR*=0.500
[2026-08-08 03:21:44] [ep 125] score=0.1793 best=0.6301 nq=4 std_proxy=0.0000 stability_w=1.000 adjusted=0.1793 best_adjusted=0.5431
[2026-08-08 03:21:44] [ep 125] score=0.1793 best=0.6301 nq=6 ep_ret=-78.340 | metric=-2.000 depth=-0.355 cnot=-1.092 qubit=0.000 rot=0.000 dead=-0.700 budget=-70.750 repeat=-0.040 terminal=0.000
[2026-08-08 03:21:45] >>> [ep 126] TERMINAL EVAL: AUC=0.5000 SENS=0.0000 SPEC=0.0000 THR*=0.500
[2026-08-08 03:21:45] [ep 126] score=0.1793 best=0.6301 nq=4 std_proxy=0.0000 stability_w=1.000 adjusted=0.1793 best_adjusted=0.5431
[2026-08-08 03:21:45] [ep 126] score=0.1793 best=0.6301 nq=6 ep_ret=-79.050 | metric=-2.000 depth=-0.355 cnot=-0.420 qubit=0.000 rot=-0.072 dead=-0.300 budget=-72.500 repeat=0.000 terminal=0.000
[2026-08-08 03:21:45] >>> [ep 127] TERMINAL EVAL: AUC=0.5000 SENS=0.0000 SPEC=0.0000 THR*=0.500
[2026-08-08 03:21:45] [ep 127] score=0.1793 best=0.6301 nq=4 std_proxy=0.0000 stability_w=1.000 adjusted=0.1793 best_adjusted=0.5431
[2026-08-08 03:21:45] [ep 127] score=0.1793 best=0.6301 nq=6 ep_ret=-91.908 | metric=-2.000 depth=-0.355 cnot=0.000 qubit=0.000 rot=-0.020 dead=-0.850 budget=-85.250 repeat=-0.030 terminal=0.000
[2026-08-08 03:21:45] >>> [ep 128] TERMINAL EVAL: AUC=0.5000 SENS=0.0000 SPEC=0.0000 THR*=0.500
[2026-08-08 03:21:45] [ep 128] score=0.1793 best=0.6301 nq=4 std_proxy=0.0000 stability_w=1.000 adjusted=0.1793 best_adjusted=0.5431
[2026-08-08 03:21:45] [ep 128] score=0.1793 best=0.6301 nq=6 ep_ret=-89.984 | metric=-2.000 depth=-0.355 cnot=-0.216 qubit=0.000 rot=0.000 dead=-0.750 budget=-83.250 repeat=-0.010 terminal=0.000
[2026-08-08 03:21:45] >>> [ep 129] TERMINAL EVAL: AUC=0.5000 SENS=0.0000 SPEC=0.0000 THR*=0.500
[2026-08-08 03:21:45] [ep 129] score=0.1793 best=0.6301 nq=4 std_proxy=0.0000 stability_w=1.000 adjusted=0.1793 best_adjusted=0.5431
[2026-08-08 03:21:45] [ep 129] score=0.1793 best=0.6301 nq=6 ep_ret=-23.178 | metric=-1.350 depth=-0.225 cnot=-0.288 qubit=0.000 rot=-0.012 dead=-0.550 budget=-18.000 repeat=0.000 terminal=0.000
[2026-08-08 03:21:45] >>> [ep 130] TERMINAL EVAL: AUC=0.5000 SENS=0.0000 SPEC=0.0000 THR*=0.500
[2026-08-08 03:21:45] [ep 130] score=0.1793 best=0.6301 nq=4 std_proxy=0.0000 stability_w=1.000 adjusted=0.1793 best_adjusted=0.5431
[2026-08-08 03:21:45] [ep 130] score=0.1793 best=0.6301 nq=6 ep_ret=-91.102 | metric=-2.000 depth=-0.355 cnot=0.000 qubit=0.000 rot=-0.024 dead=-0.550 budget=-84.750 repeat=-0.020 terminal=0.000
[2026-08-08 03:21:45] [health] collapse_count=105 / 130 (spec < terminal_spec_floor)
[2026-08-08 03:21:45] >>> [ep 131] TERMINAL EVAL: AUC=0.5000 SENS=0.0000 SPEC=0.0000 THR*=0.500
[2026-08-08 03:21:45] [ep 131] score=0.1793 best=0.6301 nq=4 std_proxy=0.0000 stability_w=1.000 adjusted=0.1793 best_adjusted=0.5431
[2026-08-08 03:21:45] [ep 131] score=0.1793 best=0.6301 nq=6 ep_ret=-69.216 | metric=-2.000 depth=-0.355 cnot=-0.660 qubit=0.000 rot=-0.128 dead=-0.400 budget=-62.250 repeat=-0.020 terminal=0.000
[2026-08-08 03:21:46] >>> [ep 132] TERMINAL EVAL: AUC=0.5000 SENS=0.0000 SPEC=0.0000 THR*=0.500
[2026-08-08 03:21:46] [ep 132] score=0.1793 best=0.6301 nq=5 std_proxy=0.0000 stability_w=1.000 adjusted=0.1793 best_adjusted=0.5431
[2026-08-08 03:21:46] [ep 132] score=0.1793 best=0.6301 nq=6 ep_ret=-78.069 | metric=-2.000 depth=-0.355 cnot=-0.744 qubit=-0.875 rot=-0.032 dead=-0.350 budget=-70.250 repeat=-0.010 terminal=0.000
[2026-08-08 03:21:46] >>> [ep 133] TERMINAL EVAL: AUC=0.5000 SENS=0.0000 SPEC=0.0000 THR*=0.500
[2026-08-08 03:21:46] [ep 133] score=0.1793 best=0.6301 nq=4 std_proxy=0.0000 stability_w=1.000 adjusted=0.1793 best_adjusted=0.5431
[2026-08-08 03:21:46] [ep 133] score=0.1793 best=0.6301 nq=6 ep_ret=-21.508 | metric=-1.300 depth=-0.215 cnot=-0.180 qubit=0.000 rot=0.000 dead=-0.600 budget=-16.500 repeat=-0.010 terminal=0.000
[2026-08-08 03:21:46] >>> [ep 134] TERMINAL EVAL: AUC=0.5000 SENS=0.0000 SPEC=0.0000 THR*=0.500
[2026-08-08 03:21:46] [ep 134] score=0.1793 best=0.6301 nq=4 std_proxy=0.0000 stability_w=1.000 adjusted=0.1793 best_adjusted=0.5431
[2026-08-08 03:21:46] [ep 134] score=0.1793 best=0.6301 nq=6 ep_ret=-74.106 | metric=-2.000 depth=-0.355 cnot=-0.780 qubit=0.000 rot=-0.078 dead=-0.450 budget=-67.000 repeat=-0.040 terminal=0.000
[2026-08-08 03:21:46] >>> [ep 135] TERMINAL EVAL: AUC=0.5000 SENS=0.0000 SPEC=0.0000 THR*=0.500
[2026-08-08 03:21:46] [ep 135] score=0.1793 best=0.6301 nq=4 std_proxy=0.0000 stability_w=1.000 adjusted=0.1793 best_adjusted=0.5431
[2026-08-08 03:21:46] [ep 135] score=0.1793 best=0.6301 nq=6 ep_ret=-87.514 | metric=-2.000 depth=-0.355 cnot=0.000 qubit=0.000 rot=-0.056 dead=-0.450 budget=-81.250 repeat=0.000 terminal=0.000
[2026-08-08 03:21:46] >>> [ep 136] TERMINAL EVAL: AUC=0.5000 SENS=0.0000 SPEC=0.0000 THR*=0.500
[2026-08-08 03:21:46] [ep 136] score=0.1793 best=0.6301 nq=4 std_proxy=0.0000 stability_w=1.000 adjusted=0.1793 best_adjusted=0.5431
[2026-08-08 03:21:46] [ep 136] score=0.1793 best=0.6301 nq=6 ep_ret=-87.840 | metric=-2.000 depth=-0.355 cnot=-0.372 qubit=0.000 rot=0.000 dead=-0.450 budget=-81.250 repeat=-0.010 terminal=0.000
[2026-08-08 03:21:46] >>> [ep 137] TERMINAL EVAL: AUC=0.5000 SENS=0.0000 SPEC=0.0000 THR*=0.500
[2026-08-08 03:21:46] [ep 137] score=0.1793 best=0.6301 nq=4 std_proxy=0.0000 stability_w=1.000 adjusted=0.1793 best_adjusted=0.5431
[2026-08-08 03:21:46] [ep 137] score=0.1793 best=0.6301 nq=6 ep_ret=-88.022 | metric=-2.000 depth=-0.355 cnot=-0.384 qubit=0.000 rot=0.000 dead=-0.600 budget=-81.250 repeat=-0.030 terminal=0.000
[2026-08-08 03:21:47] >>> [ep 138] TERMINAL EVAL: AUC=0.5000 SENS=0.0000 SPEC=0.0000 THR*=0.500
[2026-08-08 03:21:47] [ep 138] score=0.1793 best=0.6301 nq=4 std_proxy=0.0000 stability_w=1.000 adjusted=0.1793 best_adjusted=0.5431
[2026-08-08 03:21:47] [ep 138] score=0.1793 best=0.6301 nq=6 ep_ret=-75.568 | metric=-2.000 depth=-0.355 cnot=-0.096 qubit=-0.275 rot=-0.074 dead=-1.050 budget=-68.250 repeat=-0.010 terminal=0.000
[2026-08-08 03:21:47] >>> [ep 139] TERMINAL EVAL: AUC=0.5000 SENS=0.0000 SPEC=0.0000 THR*=0.500
[2026-08-08 03:21:47] [ep 139] score=0.1793 best=0.6301 nq=5 std_proxy=0.0000 stability_w=1.000 adjusted=0.1793 best_adjusted=0.5431
[2026-08-08 03:21:47] [ep 139] score=0.1793 best=0.6301 nq=6 ep_ret=-92.556 | metric=-2.000 depth=-0.355 cnot=-0.048 qubit=-0.350 rot=-0.010 dead=-0.800 budget=-85.500 repeat=-0.040 terminal=0.000
[2026-08-08 03:21:47] >>> [ep 140] TERMINAL EVAL: AUC=0.5000 SENS=0.0000 SPEC=0.0000 THR*=0.500
[2026-08-08 03:21:47] [ep 140] score=0.1793 best=0.6301 nq=4 std_proxy=0.0000 stability_w=1.000 adjusted=0.1793 best_adjusted=0.5431
[2026-08-08 03:21:47] [ep 140] score=0.1793 best=0.6301 nq=6 ep_ret=-87.558 | metric=-2.000 depth=-0.355 cnot=0.000 qubit=0.000 rot=-0.080 dead=-0.450 budget=-81.250 repeat=-0.020 terminal=0.000
[2026-08-08 03:21:47] [health] collapse_count=115 / 140 (spec < terminal_spec_floor)
[2026-08-08 03:21:47] >>> [ep 141] TERMINAL EVAL: AUC=0.5000 SENS=0.0000 SPEC=0.0000 THR*=0.500
[2026-08-08 03:21:47] [ep 141] score=0.1793 best=0.6301 nq=4 std_proxy=0.0000 stability_w=1.000 adjusted=0.1793 best_adjusted=0.5431
[2026-08-08 03:21:47] [ep 141] score=0.1793 best=0.6301 nq=6 ep_ret=-74.692 | metric=-2.000 depth=-0.355 cnot=-1.212 qubit=0.000 rot=-0.012 dead=-0.200 budget=-67.500 repeat=-0.010 terminal=0.000
[2026-08-08 03:21:47] >>> [ep 142] TERMINAL EVAL: AUC=0.5000 SENS=0.0000 SPEC=0.0000 THR*=0.500
[2026-08-08 03:21:47] [ep 142] score=0.1793 best=0.6301 nq=4 std_proxy=0.0000 stability_w=1.000 adjusted=0.1793 best_adjusted=0.5431
[2026-08-08 03:21:47] [ep 142] score=0.1793 best=0.6301 nq=6 ep_ret=-86.998 | metric=-2.000 depth=-0.355 cnot=-0.312 qubit=0.000 rot=-0.008 dead=-0.650 budget=-80.250 repeat=-0.020 terminal=0.000
[2026-08-08 03:21:48] >>> [ep 143] TERMINAL EVAL: AUC=0.5000 SENS=0.0000 SPEC=0.0000 THR*=0.500
[2026-08-08 03:21:48] [ep 143] score=0.1793 best=0.6301 nq=4 std_proxy=0.0000 stability_w=1.000 adjusted=0.1793 best_adjusted=0.5431
[2026-08-08 03:21:48] [ep 143] score=0.1793 best=0.6301 nq=6 ep_ret=-78.840 | metric=-2.000 depth=-0.355 cnot=-0.588 qubit=0.000 rot=-0.054 dead=-0.400 budget=-72.000 repeat=-0.040 terminal=0.000
[2026-08-08 03:21:48] >>> [ep 144] TERMINAL EVAL: AUC=0.5000 SENS=0.0000 SPEC=0.0000 THR*=0.500
[2026-08-08 03:21:48] [ep 144] score=0.1793 best=0.6301 nq=4 std_proxy=0.0000 stability_w=1.000 adjusted=0.1793 best_adjusted=0.5431
[2026-08-08 03:21:48] [ep 144] score=0.1793 best=0.6301 nq=6 ep_ret=-76.668 | metric=-2.000 depth=-0.355 cnot=0.000 qubit=0.000 rot=-0.190 dead=-0.450 budget=-70.250 repeat=-0.020 terminal=0.000
[2026-08-08 03:21:48] >>> [ep 145] TERMINAL EVAL: AUC=0.5000 SENS=0.0000 SPEC=0.0000 THR*=0.500
[2026-08-08 03:21:48] [ep 145] score=0.1793 best=0.6301 nq=4 std_proxy=0.0000 stability_w=1.000 adjusted=0.1793 best_adjusted=0.5431
[2026-08-08 03:21:48] [ep 145] score=0.1793 best=0.6301 nq=6 ep_ret=-77.794 | metric=-2.000 depth=-0.355 cnot=0.000 qubit=0.000 rot=-0.166 dead=-0.850 budget=-71.000 repeat=-0.020 terminal=0.000
[2026-08-08 03:21:48] >>> [ep 146] TERMINAL EVAL: AUC=0.5000 SENS=0.0000 SPEC=0.0000 THR*=0.500
[2026-08-08 03:21:48] [ep 146] score=0.1793 best=0.6301 nq=4 std_proxy=0.0000 stability_w=1.000 adjusted=0.1793 best_adjusted=0.5431
[2026-08-08 03:21:48] [ep 146] score=0.1793 best=0.6301 nq=6 ep_ret=-79.170 | metric=-2.000 depth=-0.355 cnot=-0.792 qubit=0.000 rot=0.000 dead=-0.350 budget=-72.250 repeat=-0.020 terminal=0.000
[2026-08-08 03:21:48] >>> [ep 147] TERMINAL EVAL: AUC=0.5000 SENS=0.0000 SPEC=0.0000 THR*=0.500
[2026-08-08 03:21:48] [ep 147] score=0.1793 best=0.6301 nq=4 std_proxy=0.0000 stability_w=1.000 adjusted=0.1793 best_adjusted=0.5431
[2026-08-08 03:21:48] [ep 147] score=0.1793 best=0.6301 nq=6 ep_ret=-91.016 | metric=-2.000 depth=-0.355 cnot=-0.168 qubit=0.000 rot=0.000 dead=-0.800 budget=-84.250 repeat=-0.040 terminal=0.000
[2026-08-08 03:21:48] >>> [ep 148] TERMINAL EVAL: AUC=0.5000 SENS=0.0000 SPEC=0.0000 THR*=0.500
[2026-08-08 03:21:48] [ep 148] score=0.1793 best=0.6301 nq=4 std_proxy=0.0000 stability_w=1.000 adjusted=0.1793 best_adjusted=0.5431
[2026-08-08 03:21:48] [ep 148] score=0.1793 best=0.6301 nq=6 ep_ret=-77.936 | metric=-2.000 depth=-0.355 cnot=-0.180 qubit=0.000 rot=-0.138 dead=-0.600 budget=-71.250 repeat=-0.010 terminal=0.000
[2026-08-08 03:21:49] >>> [ep 149] TERMINAL EVAL: AUC=0.5000 SENS=0.0000 SPEC=0.0000 THR*=0.500
[2026-08-08 03:21:49] [ep 149] score=0.1793 best=0.6301 nq=4 std_proxy=0.0000 stability_w=1.000 adjusted=0.1793 best_adjusted=0.5431
[2026-08-08 03:21:49] [ep 149] score=0.1793 best=0.6301 nq=6 ep_ret=-87.984 | metric=-2.000 depth=-0.355 cnot=-0.456 qubit=0.000 rot=0.000 dead=-0.500 budget=-81.250 repeat=0.000 terminal=0.000
[2026-08-08 03:21:49] >>> [ep 150] TERMINAL EVAL: AUC=0.5000 SENS=0.0000 SPEC=0.0000 THR*=0.500
[2026-08-08 03:21:49] [ep 150] score=0.1793 best=0.6301 nq=4 std_proxy=0.0000 stability_w=1.000 adjusted=0.1793 best_adjusted=0.5431
[2026-08-08 03:21:49] [ep 150] score=0.1793 best=0.6301 nq=6 ep_ret=-76.538 | metric=-2.000 depth=-0.355 cnot=-1.140 qubit=0.000 rot=0.000 dead=-0.600 budget=-69.000 repeat=-0.020 terminal=0.000
[2026-08-08 03:21:49] [health] collapse_count=125 / 150 (spec < terminal_spec_floor)
[2026-08-08 03:21:49] >>> [ep 151] TERMINAL EVAL: AUC=0.5000 SENS=0.0000 SPEC=0.0000 THR*=0.500
[2026-08-08 03:21:49] [ep 151] score=0.1793 best=0.6301 nq=4 std_proxy=0.0000 stability_w=1.000 adjusted=0.1793 best_adjusted=0.5431
[2026-08-08 03:21:49] [ep 151] score=0.1793 best=0.6301 nq=6 ep_ret=-89.634 | metric=-2.000 depth=-0.355 cnot=-0.216 qubit=0.000 rot=0.000 dead=-0.400 budget=-83.250 repeat=-0.010 terminal=0.000
[2026-08-08 03:21:49] >>> [ep 152] TERMINAL EVAL: AUC=0.5000 SENS=0.0000 SPEC=0.0000 THR*=0.500
[2026-08-08 03:21:49] [ep 152] score=0.1793 best=0.6301 nq=4 std_proxy=0.0000 stability_w=1.000 adjusted=0.1793 best_adjusted=0.5431
[2026-08-08 03:21:49] [ep 152] score=0.1793 best=0.6301 nq=6 ep_ret=-94.270 | metric=-2.000 depth=-0.355 cnot=-0.012 qubit=0.000 rot=0.000 dead=-1.000 budget=-87.500 repeat=0.000 terminal=0.000
[2026-08-08 03:21:49] >>> [ep 153] TERMINAL EVAL: AUC=0.5000 SENS=0.0000 SPEC=0.0000 THR*=0.500
[2026-08-08 03:21:49] [ep 153] score=0.1793 best=0.6301 nq=5 std_proxy=0.0000 stability_w=1.000 adjusted=0.1793 best_adjusted=0.5431
[2026-08-08 03:21:49] [ep 153] score=0.1793 best=0.6301 nq=6 ep_ret=-87.837 | metric=-2.000 depth=-0.355 cnot=0.000 qubit=-0.075 rot=-0.054 dead=-0.650 budget=-81.250 repeat=0.000 terminal=0.000
[2026-08-08 03:21:49] >>> [ep 154] TERMINAL EVAL: AUC=0.5000 SENS=0.0000 SPEC=0.0000 THR*=0.500
[2026-08-08 03:21:49] [ep 154] score=0.1793 best=0.6301 nq=4 std_proxy=0.0000 stability_w=1.000 adjusted=0.1793 best_adjusted=0.5431
[2026-08-08 03:21:49] [ep 154] score=0.1793 best=0.6301 nq=6 ep_ret=-81.702 | metric=-2.000 depth=-0.355 cnot=0.000 qubit=0.000 rot=-0.114 dead=-0.550 budget=-75.250 repeat=-0.030 terminal=0.000
[2026-08-08 03:21:50] >>> [ep 155] TERMINAL EVAL: AUC=0.5000 SENS=0.0000 SPEC=0.0000 THR*=0.500
[2026-08-08 03:21:50] [ep 155] score=0.1793 best=0.6301 nq=4 std_proxy=0.0000 stability_w=1.000 adjusted=0.1793 best_adjusted=0.5431
[2026-08-08 03:21:50] [ep 155] score=0.1793 best=0.6301 nq=6 ep_ret=-88.152 | metric=-2.000 depth=-0.355 cnot=0.000 qubit=0.000 rot=-0.074 dead=-1.050 budget=-81.250 repeat=0.000 terminal=0.000
[2026-08-08 03:21:50] >>> [ep 156] TERMINAL EVAL: AUC=0.5000 SENS=0.0000 SPEC=0.0000 THR*=0.500
[2026-08-08 03:21:50] [ep 156] score=0.1793 best=0.6301 nq=4 std_proxy=0.0000 stability_w=1.000 adjusted=0.1793 best_adjusted=0.5431
[2026-08-08 03:21:50] [ep 156] score=0.1793 best=0.6301 nq=6 ep_ret=-76.622 | metric=-2.000 depth=-0.355 cnot=-0.684 qubit=0.000 rot=-0.060 dead=-1.100 budget=-69.000 repeat=-0.020 terminal=0.000
[2026-08-08 03:21:50] >>> [ep 157] TERMINAL EVAL: AUC=0.5000 SENS=0.0000 SPEC=0.0000 THR*=0.500
[2026-08-08 03:21:50] [ep 157] score=0.1793 best=0.6301 nq=4 std_proxy=0.0000 stability_w=1.000 adjusted=0.1793 best_adjusted=0.5431
[2026-08-08 03:21:50] [ep 157] score=0.1793 best=0.6301 nq=6 ep_ret=-2.431 | metric=-0.350 depth=-0.028 cnot=0.000 qubit=0.000 rot=0.000 dead=-0.300 budget=0.000 repeat=0.000 terminal=0.000
[2026-08-08 03:21:50] >>> [ep 158] TERMINAL EVAL: AUC=0.5000 SENS=0.0000 SPEC=0.0000 THR*=0.500
[2026-08-08 03:21:50] [ep 158] score=0.1793 best=0.6301 nq=4 std_proxy=0.0000 stability_w=1.000 adjusted=0.1793 best_adjusted=0.5431
[2026-08-08 03:21:50] [ep 158] score=0.1793 best=0.6301 nq=6 ep_ret=-78.174 | metric=-2.000 depth=-0.355 cnot=-0.492 qubit=0.000 rot=-0.054 dead=-0.850 budget=-71.000 repeat=-0.020 terminal=0.000
[2026-08-08 03:21:50] >>> [ep 159] TERMINAL EVAL: AUC=0.5000 SENS=0.0000 SPEC=0.0000 THR*=0.500
[2026-08-08 03:21:50] [ep 159] score=0.1793 best=0.6301 nq=4 std_proxy=0.0000 stability_w=1.000 adjusted=0.1793 best_adjusted=0.5431
[2026-08-08 03:21:50] [ep 159] score=0.1793 best=0.6301 nq=6 ep_ret=-89.008 | metric=-2.000 depth=-0.355 cnot=0.000 qubit=0.000 rot=-0.040 dead=-0.450 budget=-82.750 repeat=-0.010 terminal=0.000
[2026-08-08 03:21:50] >>> [ep 160] TERMINAL EVAL: AUC=0.5000 SENS=0.0000 SPEC=0.0000 THR*=0.500
[2026-08-08 03:21:50] [ep 160] score=0.1793 best=0.6301 nq=4 std_proxy=0.0000 stability_w=1.000 adjusted=0.1793 best_adjusted=0.5431
[2026-08-08 03:21:50] [ep 160] score=0.1793 best=0.6301 nq=6 ep_ret=-81.096 | metric=-2.000 depth=-0.355 cnot=-0.588 qubit=0.000 rot=-0.030 dead=-0.400 budget=-74.250 repeat=-0.070 terminal=0.000
[2026-08-08 03:21:50] [health] collapse_count=135 / 160 (spec < terminal_spec_floor)
[2026-08-08 03:21:51] >>> [ep 161] TERMINAL EVAL: AUC=0.5000 SENS=0.0000 SPEC=0.0000 THR*=0.500
[2026-08-08 03:21:51] [ep 161] score=0.1793 best=0.6301 nq=4 std_proxy=0.0000 stability_w=1.000 adjusted=0.1793 best_adjusted=0.5431
[2026-08-08 03:21:51] [ep 161] score=0.1793 best=0.6301 nq=6 ep_ret=-93.750 | metric=-2.000 depth=-0.355 cnot=0.000 qubit=0.000 rot=-0.002 dead=-0.450 budget=-87.500 repeat=-0.040 terminal=0.000
[2026-08-08 03:21:51] >>> [ep 162] TERMINAL EVAL: AUC=0.5000 SENS=0.0000 SPEC=0.0000 THR*=0.500
[2026-08-08 03:21:51] [ep 162] score=0.1793 best=0.6301 nq=5 std_proxy=0.0000 stability_w=1.000 adjusted=0.1793 best_adjusted=0.5431
[2026-08-08 03:21:51] [ep 162] score=0.1793 best=0.6301 nq=6 ep_ret=-76.571 | metric=-2.000 depth=-0.355 cnot=-0.036 qubit=-0.525 rot=-0.142 dead=-0.550 budget=-69.500 repeat=-0.010 terminal=0.000
[2026-08-08 03:21:51] >>> [ep 163] TERMINAL EVAL: AUC=0.5000 SENS=0.0000 SPEC=0.0000 THR*=0.500
[2026-08-08 03:21:51] [ep 163] score=0.1793 best=0.6301 nq=4 std_proxy=0.0000 stability_w=1.000 adjusted=0.1793 best_adjusted=0.5431
[2026-08-08 03:21:51] [ep 163] score=0.1793 best=0.6301 nq=6 ep_ret=-81.870 | metric=-2.000 depth=-0.355 cnot=-0.372 qubit=0.000 rot=-0.050 dead=-0.650 budget=-75.000 repeat=-0.020 terminal=0.000
[2026-08-08 03:21:51] >>> [ep 164] TERMINAL EVAL: AUC=0.5000 SENS=0.0000 SPEC=0.0000 THR*=0.500
[2026-08-08 03:21:51] [ep 164] score=0.1793 best=0.6301 nq=4 std_proxy=0.0000 stability_w=1.000 adjusted=0.1793 best_adjusted=0.5431
[2026-08-08 03:21:51] [ep 164] score=0.1793 best=0.6301 nq=6 ep_ret=-76.326 | metric=-2.000 depth=-0.355 cnot=0.000 qubit=0.000 rot=-0.188 dead=-0.350 budget=-70.000 repeat=-0.030 terminal=0.000
[2026-08-08 03:21:51] >>> [ep 165] TERMINAL EVAL: AUC=0.5000 SENS=0.0000 SPEC=0.0000 THR*=0.500
[2026-08-08 03:21:51] [ep 165] score=0.1793 best=0.6301 nq=4 std_proxy=0.0000 stability_w=1.000 adjusted=0.1793 best_adjusted=0.5431
[2026-08-08 03:21:51] [ep 165] score=0.1793 best=0.6301 nq=6 ep_ret=-87.938 | metric=-2.000 depth=-0.355 cnot=-0.360 qubit=0.000 rot=0.000 dead=-0.550 budget=-81.250 repeat=-0.020 terminal=0.000
[2026-08-08 03:21:51] >>> [ep 166] TERMINAL EVAL: AUC=0.5000 SENS=0.0000 SPEC=0.0000 THR*=0.500
[2026-08-08 03:21:51] [ep 166] score=0.1793 best=0.6301 nq=4 std_proxy=0.0000 stability_w=1.000 adjusted=0.1793 best_adjusted=0.5431
[2026-08-08 03:21:51] [ep 166] score=0.1793 best=0.6301 nq=6 ep_ret=-85.080 | metric=-2.000 depth=-0.355 cnot=-0.240 qubit=0.000 rot=-0.042 dead=-1.500 budget=-77.500 repeat=-0.020 terminal=0.000
[2026-08-08 03:21:52] >>> [ep 167] TERMINAL EVAL: AUC=0.5000 SENS=0.0000 SPEC=0.0000 THR*=0.500
[2026-08-08 03:21:52] [ep 167] score=0.1793 best=0.6301 nq=5 std_proxy=0.0000 stability_w=1.000 adjusted=0.1793 best_adjusted=0.5431
[2026-08-08 03:21:52] [ep 167] score=0.1793 best=0.6301 nq=6 ep_ret=-76.256 | metric=-2.000 depth=-0.355 cnot=-1.188 qubit=-0.900 rot=0.000 dead=-0.350 budget=-68.000 repeat=-0.010 terminal=0.000
[2026-08-08 03:21:52] >>> [ep 168] TERMINAL EVAL: AUC=0.5000 SENS=0.0000 SPEC=0.0000 THR*=0.500
[2026-08-08 03:21:52] [ep 168] score=0.1793 best=0.6301 nq=4 std_proxy=0.0000 stability_w=1.000 adjusted=0.1793 best_adjusted=0.5431
[2026-08-08 03:21:52] [ep 168] score=0.1793 best=0.6301 nq=6 ep_ret=-85.874 | metric=-2.000 depth=-0.355 cnot=-0.096 qubit=0.000 rot=-0.050 dead=-0.450 budget=-79.500 repeat=-0.020 terminal=0.000
[2026-08-08 03:21:52] >>> [ep 169] TERMINAL EVAL: AUC=0.5000 SENS=0.0000 SPEC=0.0000 THR*=0.500
[2026-08-08 03:21:52] [ep 169] score=0.1793 best=0.6301 nq=4 std_proxy=0.0000 stability_w=1.000 adjusted=0.1793 best_adjusted=0.5431
[2026-08-08 03:21:52] [ep 169] score=0.1793 best=0.6301 nq=6 ep_ret=-86.654 | metric=-2.000 depth=-0.355 cnot=-0.408 qubit=0.000 rot=-0.018 dead=-1.450 budget=-79.000 repeat=-0.020 terminal=0.000
[2026-08-08 03:21:52] >>> [ep 170] TERMINAL EVAL: AUC=0.5000 SENS=0.0000 SPEC=0.0000 THR*=0.500
[2026-08-08 03:21:52] [ep 170] score=0.1793 best=0.6301 nq=5 std_proxy=0.0000 stability_w=1.000 adjusted=0.1793 best_adjusted=0.5431
[2026-08-08 03:21:52] [ep 170] score=0.1793 best=0.6301 nq=6 ep_ret=-77.461 | metric=-2.000 depth=-0.355 cnot=-0.336 qubit=-0.925 rot=-0.092 dead=-0.550 budget=-69.750 repeat=0.000 terminal=0.000
[2026-08-08 03:21:52] [health] collapse_count=145 / 170 (spec < terminal_spec_floor)
[2026-08-08 03:21:52] >>> [ep 171] TERMINAL EVAL: AUC=0.5000 SENS=0.0000 SPEC=0.0000 THR*=0.500
[2026-08-08 03:21:52] [ep 171] score=0.1793 best=0.6301 nq=4 std_proxy=0.0000 stability_w=1.000 adjusted=0.1793 best_adjusted=0.5431
[2026-08-08 03:21:52] [ep 171] score=0.1793 best=0.6301 nq=6 ep_ret=-66.494 | metric=-2.000 depth=-0.355 cnot=-0.372 qubit=0.000 rot=-0.174 dead=-0.650 budget=-59.500 repeat=-0.040 terminal=0.000
[2026-08-08 03:21:52] >>> [ep 172] TERMINAL EVAL: AUC=0.5000 SENS=0.0000 SPEC=0.0000 THR*=0.500
[2026-08-08 03:21:52] [ep 172] score=0.1793 best=0.6301 nq=4 std_proxy=0.0000 stability_w=1.000 adjusted=0.1793 best_adjusted=0.5431
[2026-08-08 03:21:52] [ep 172] score=0.1793 best=0.6301 nq=6 ep_ret=-75.334 | metric=-2.000 depth=-0.355 cnot=-0.396 qubit=0.000 rot=-0.100 dead=-0.300 budget=-68.750 repeat=-0.030 terminal=0.000
[2026-08-08 03:21:53] >>> [ep 173] TERMINAL EVAL: AUC=0.5000 SENS=0.0000 SPEC=0.0000 THR*=0.500
[2026-08-08 03:21:53] [ep 173] score=0.1793 best=0.6301 nq=4 std_proxy=0.0000 stability_w=1.000 adjusted=0.1793 best_adjusted=0.5431
[2026-08-08 03:21:53] [ep 173] score=0.1793 best=0.6301 nq=6 ep_ret=-89.854 | metric=-2.000 depth=-0.355 cnot=-0.060 qubit=0.000 rot=-0.026 dead=-0.750 budget=-83.250 repeat=-0.010 terminal=0.000
[2026-08-08 03:21:53] >>> [ep 174] TERMINAL EVAL: AUC=0.5000 SENS=0.0000 SPEC=0.0000 THR*=0.500
[2026-08-08 03:21:53] [ep 174] score=0.1793 best=0.6301 nq=4 std_proxy=0.0000 stability_w=1.000 adjusted=0.1793 best_adjusted=0.5431
[2026-08-08 03:21:53] [ep 174] score=0.1793 best=0.6301 nq=6 ep_ret=-70.398 | metric=-2.000 depth=-0.355 cnot=-1.116 qubit=0.000 rot=-0.064 dead=-0.200 budget=-63.250 repeat=0.000 terminal=0.000
[2026-08-08 03:21:53] >>> [ep 175] TERMINAL EVAL: AUC=0.5000 SENS=0.0000 SPEC=0.0000 THR*=0.500
[2026-08-08 03:21:53] [ep 175] score=0.1793 best=0.6301 nq=4 std_proxy=0.0000 stability_w=1.000 adjusted=0.1793 best_adjusted=0.5431
[2026-08-08 03:21:53] [ep 175] score=0.1793 best=0.6301 nq=6 ep_ret=-93.730 | metric=-2.000 depth=-0.355 cnot=-0.012 qubit=0.000 rot=0.000 dead=-0.450 budget=-87.500 repeat=-0.010 terminal=0.000
[2026-08-08 03:21:53] >>> [ep 176] TERMINAL EVAL: AUC=0.5000 SENS=0.0000 SPEC=0.0000 THR*=0.500
[2026-08-08 03:21:53] [ep 176] score=0.1793 best=0.6301 nq=4 std_proxy=0.0000 stability_w=1.000 adjusted=0.1793 best_adjusted=0.5431
[2026-08-08 03:21:53] [ep 176] score=0.1793 best=0.6301 nq=6 ep_ret=-85.100 | metric=-2.000 depth=-0.355 cnot=-0.180 qubit=0.000 rot=-0.042 dead=-0.350 budget=-78.750 repeat=-0.020 terminal=0.000
[2026-08-08 03:21:54] >>> [ep 177] TERMINAL EVAL: AUC=0.5000 SENS=0.0000 SPEC=0.0000 THR*=0.500
[2026-08-08 03:21:54] [ep 177] score=0.1793 best=0.6301 nq=5 std_proxy=0.0000 stability_w=1.000 adjusted=0.1793 best_adjusted=0.5431
[2026-08-08 03:21:54] [ep 177] score=0.1793 best=0.6301 nq=6 ep_ret=-81.912 | metric=-2.000 depth=-0.355 cnot=0.000 qubit=-0.650 rot=-0.134 dead=-0.550 budget=-74.750 repeat=-0.020 terminal=0.000
[2026-08-08 03:21:54] >>> [ep 178] TERMINAL EVAL: AUC=0.5000 SENS=0.0000 SPEC=0.0000 THR*=0.500
[2026-08-08 03:21:54] [ep 178] score=0.1793 best=0.6301 nq=4 std_proxy=0.0000 stability_w=1.000 adjusted=0.1793 best_adjusted=0.5431
[2026-08-08 03:21:54] [ep 178] score=0.1793 best=0.6301 nq=6 ep_ret=-85.788 | metric=-2.000 depth=-0.355 cnot=0.000 qubit=0.000 rot=-0.070 dead=-0.450 budget=-79.500 repeat=-0.010 terminal=0.000
[2026-08-08 03:21:54] >>> [ep 179] TERMINAL EVAL: AUC=0.5000 SENS=0.0000 SPEC=0.0000 THR*=0.500
[2026-08-08 03:21:54] [ep 179] score=0.1793 best=0.6301 nq=4 std_proxy=0.0000 stability_w=1.000 adjusted=0.1793 best_adjusted=0.5431
[2026-08-08 03:21:54] [ep 179] score=0.1793 best=0.6301 nq=6 ep_ret=-82.614 | metric=-2.000 depth=-0.355 cnot=-0.576 qubit=0.000 rot=0.000 dead=-0.500 budget=-75.750 repeat=-0.030 terminal=0.000
[2026-08-08 03:21:54] >>> [ep 180] TERMINAL EVAL: AUC=0.5000 SENS=0.0000 SPEC=0.0000 THR*=0.500
[2026-08-08 03:21:54] [ep 180] score=0.1793 best=0.6301 nq=4 std_proxy=0.0000 stability_w=1.000 adjusted=0.1793 best_adjusted=0.5431
[2026-08-08 03:21:54] [ep 180] score=0.1793 best=0.6301 nq=6 ep_ret=-70.870 | metric=-2.000 depth=-0.355 cnot=-0.564 qubit=0.000 rot=-0.118 dead=-0.650 budget=-63.750 repeat=-0.030 terminal=0.000
[2026-08-08 03:21:54] [health] collapse_count=155 / 180 (spec < terminal_spec_floor)
[2026-08-08 03:21:54] >>> [ep 181] TERMINAL EVAL: AUC=0.5000 SENS=0.0000 SPEC=0.0000 THR*=0.500
[2026-08-08 03:21:54] [ep 181] score=0.1793 best=0.6301 nq=4 std_proxy=0.0000 stability_w=1.000 adjusted=0.1793 best_adjusted=0.5431
[2026-08-08 03:21:54] [ep 181] score=0.1793 best=0.6301 nq=6 ep_ret=-86.234 | metric=-2.000 depth=-0.355 cnot=0.000 qubit=0.000 rot=-0.066 dead=-0.900 budget=-79.500 repeat=-0.010 terminal=0.000
[2026-08-08 03:21:54] >>> [ep 182] TERMINAL EVAL: AUC=0.5000 SENS=0.0000 SPEC=0.0000 THR*=0.500
[2026-08-08 03:21:54] [ep 182] score=0.1793 best=0.6301 nq=5 std_proxy=0.0000 stability_w=1.000 adjusted=0.1793 best_adjusted=0.5431
[2026-08-08 03:21:54] [ep 182] score=0.1793 best=0.6301 nq=6 ep_ret=-76.903 | metric=-2.000 depth=-0.355 cnot=-0.660 qubit=-0.575 rot=-0.040 dead=-0.800 budget=-69.000 repeat=-0.020 terminal=0.000
[2026-08-08 03:21:54] >>> [ep 183] TERMINAL EVAL: AUC=0.5000 SENS=0.0000 SPEC=0.0000 THR*=0.500
[2026-08-08 03:21:54] [ep 183] score=0.1793 best=0.6301 nq=4 std_proxy=0.0000 stability_w=1.000 adjusted=0.1793 best_adjusted=0.5431
[2026-08-08 03:21:54] [ep 183] score=0.1793 best=0.6301 nq=6 ep_ret=-2.966 | metric=-0.450 depth=-0.045 cnot=0.000 qubit=0.000 rot=-0.018 dead=-0.600 budget=0.000 repeat=0.000 terminal=0.000
[2026-08-08 03:21:55] >>> [ep 184] TERMINAL EVAL: AUC=0.5000 SENS=0.0000 SPEC=0.0000 THR*=0.500
[2026-08-08 03:21:55] [ep 184] score=0.1793 best=0.6301 nq=4 std_proxy=0.0000 stability_w=1.000 adjusted=0.1793 best_adjusted=0.5431
[2026-08-08 03:21:55] [ep 184] score=0.1793 best=0.6301 nq=6 ep_ret=-82.438 | metric=-2.000 depth=-0.355 cnot=-0.780 qubit=0.000 rot=0.000 dead=-0.850 budget=-75.000 repeat=-0.030 terminal=0.000
[2026-08-08 03:21:55] >>> [ep 185] TERMINAL EVAL: AUC=0.5000 SENS=0.0000 SPEC=0.0000 THR*=0.500
[2026-08-08 03:21:55] [ep 185] score=0.1793 best=0.6301 nq=4 std_proxy=0.0000 stability_w=1.000 adjusted=0.1793 best_adjusted=0.5431
[2026-08-08 03:21:55] [ep 185] score=0.1793 best=0.6301 nq=6 ep_ret=-78.160 | metric=-2.000 depth=-0.355 cnot=-0.324 qubit=0.000 rot=-0.078 dead=-0.750 budget=-71.250 repeat=0.000 terminal=0.000
[2026-08-08 03:21:55] >>> [ep 186] TERMINAL EVAL: AUC=0.5000 SENS=0.0000 SPEC=0.0000 THR*=0.500
[2026-08-08 03:21:55] [ep 186] score=0.1793 best=0.6301 nq=4 std_proxy=0.0000 stability_w=1.000 adjusted=0.1793 best_adjusted=0.5431
[2026-08-08 03:21:55] [ep 186] score=0.1793 best=0.6301 nq=6 ep_ret=-90.528 | metric=-2.000 depth=-0.355 cnot=0.000 qubit=0.000 rot=-0.030 dead=-0.700 budget=-84.000 repeat=-0.010 terminal=0.000
[2026-08-08 03:21:55] >>> [ep 187] TERMINAL EVAL: AUC=0.5000 SENS=0.0000 SPEC=0.0000 THR*=0.500
[2026-08-08 03:21:55] [ep 187] score=0.1793 best=0.6301 nq=4 std_proxy=0.0000 stability_w=1.000 adjusted=0.1793 best_adjusted=0.5431
[2026-08-08 03:21:55] [ep 187] score=0.1793 best=0.6301 nq=6 ep_ret=-88.266 | metric=-2.000 depth=-0.355 cnot=-0.276 qubit=0.000 rot=-0.002 dead=-0.450 budget=-81.750 repeat=-0.030 terminal=0.000
[2026-08-08 03:21:55] >>> [ep 188] TERMINAL EVAL: AUC=0.5000 SENS=0.0000 SPEC=0.0000 THR*=0.500
[2026-08-08 03:21:55] [ep 188] score=0.1793 best=0.6301 nq=4 std_proxy=0.0000 stability_w=1.000 adjusted=0.1793 best_adjusted=0.5431
[2026-08-08 03:21:55] [ep 188] score=0.1793 best=0.6301 nq=6 ep_ret=-84.890 | metric=-2.000 depth=-0.355 cnot=-0.132 qubit=0.000 rot=-0.070 dead=-0.400 budget=-78.500 repeat=-0.030 terminal=0.000
[2026-08-08 03:21:55] >>> [ep 189] TERMINAL EVAL: AUC=0.5000 SENS=0.0000 SPEC=0.0000 THR*=0.500
[2026-08-08 03:21:55] [ep 189] score=0.1793 best=0.6301 nq=4 std_proxy=0.0000 stability_w=1.000 adjusted=0.1793 best_adjusted=0.5431
[2026-08-08 03:21:55] [ep 189] score=0.1793 best=0.6301 nq=6 ep_ret=-85.950 | metric=-2.000 depth=-0.355 cnot=0.000 qubit=0.000 rot=-0.082 dead=-0.600 budget=-79.500 repeat=-0.010 terminal=0.000
[2026-08-08 03:21:56] >>> [ep 190] TERMINAL EVAL: AUC=0.5000 SENS=0.0000 SPEC=0.0000 THR*=0.500
[2026-08-08 03:21:56] [ep 190] score=0.1793 best=0.6301 nq=4 std_proxy=0.0000 stability_w=1.000 adjusted=0.1793 best_adjusted=0.5431
[2026-08-08 03:21:56] [ep 190] score=0.1793 best=0.6301 nq=6 ep_ret=-87.978 | metric=-2.000 depth=-0.355 cnot=0.000 qubit=0.000 rot=-0.050 dead=-0.650 budget=-81.500 repeat=0.000 terminal=0.000
[2026-08-08 03:21:56] [health] collapse_count=165 / 190 (spec < terminal_spec_floor)
[2026-08-08 03:21:56] >>> [ep 191] TERMINAL EVAL: AUC=0.5000 SENS=0.0000 SPEC=0.0000 THR*=0.500
[2026-08-08 03:21:56] [ep 191] score=0.1793 best=0.6301 nq=4 std_proxy=0.0000 stability_w=1.000 adjusted=0.1793 best_adjusted=0.5431
[2026-08-08 03:21:56] [ep 191] score=0.1793 best=0.6301 nq=6 ep_ret=-68.536 | metric=-2.000 depth=-0.355 cnot=-0.840 qubit=0.000 rot=-0.118 dead=-0.550 budget=-61.250 repeat=-0.020 terminal=0.000
[2026-08-08 03:21:56] >>> [ep 192] TERMINAL EVAL: AUC=0.5000 SENS=0.0000 SPEC=0.0000 THR*=0.500
[2026-08-08 03:21:56] [ep 192] score=0.1793 best=0.6301 nq=4 std_proxy=0.0000 stability_w=1.000 adjusted=0.1793 best_adjusted=0.5431
[2026-08-08 03:21:56] [ep 192] score=0.1793 best=0.6301 nq=6 ep_ret=-83.786 | metric=-2.000 depth=-0.355 cnot=-0.144 qubit=0.000 rot=-0.064 dead=-0.550 budget=-77.250 repeat=-0.020 terminal=0.000
[2026-08-08 03:21:56] >>> [ep 193] TERMINAL EVAL: AUC=0.5000 SENS=0.0000 SPEC=0.0000 THR*=0.500
[2026-08-08 03:21:56] [ep 193] score=0.1793 best=0.6301 nq=4 std_proxy=0.0000 stability_w=1.000 adjusted=0.1793 best_adjusted=0.5431
[2026-08-08 03:21:56] [ep 193] score=0.1793 best=0.6301 nq=6 ep_ret=-88.646 | metric=-2.000 depth=-0.355 cnot=0.000 qubit=0.000 rot=-0.048 dead=-1.050 budget=-81.750 repeat=-0.040 terminal=0.000
[2026-08-08 03:21:56] >>> [ep 194] TERMINAL EVAL: AUC=0.5000 SENS=0.0000 SPEC=0.0000 THR*=0.500
[2026-08-08 03:21:56] [ep 194] score=0.1793 best=0.6301 nq=5 std_proxy=0.0000 stability_w=1.000 adjusted=0.1793 best_adjusted=0.5431
[2026-08-08 03:21:56] [ep 194] score=0.1793 best=0.6301 nq=6 ep_ret=-71.844 | metric=-2.000 depth=-0.355 cnot=-1.068 qubit=-0.850 rot=-0.058 dead=-0.550 budget=-63.500 repeat=-0.010 terminal=0.000
[2026-08-08 03:21:56] >>> [ep 195] TERMINAL EVAL: AUC=0.5000 SENS=0.0000 SPEC=0.0000 THR*=0.500
[2026-08-08 03:21:56] [ep 195] score=0.1793 best=0.6301 nq=4 std_proxy=0.0000 stability_w=1.000 adjusted=0.1793 best_adjusted=0.5431
[2026-08-08 03:21:56] [ep 195] score=0.1793 best=0.6301 nq=6 ep_ret=-91.700 | metric=-2.000 depth=-0.355 cnot=0.000 qubit=0.000 rot=-0.022 dead=-0.900 budget=-85.000 repeat=-0.020 terminal=0.000
[2026-08-08 03:21:57] >>> [ep 196] TERMINAL EVAL: AUC=0.5000 SENS=0.0000 SPEC=0.0000 THR*=0.500
[2026-08-08 03:21:57] [ep 196] score=0.1793 best=0.6301 nq=5 std_proxy=0.0000 stability_w=1.000 adjusted=0.1793 best_adjusted=0.5431
[2026-08-08 03:21:57] [ep 196] score=0.1793 best=0.6301 nq=6 ep_ret=-83.748 | metric=-2.000 depth=-0.355 cnot=-0.348 qubit=-0.600 rot=-0.032 dead=-0.450 budget=-76.500 repeat=-0.010 terminal=0.000
[2026-08-08 03:21:57] >>> [ep 197] TERMINAL EVAL: AUC=0.5000 SENS=0.0000 SPEC=0.0000 THR*=0.500
[2026-08-08 03:21:57] [ep 197] score=0.1793 best=0.6301 nq=4 std_proxy=0.0000 stability_w=1.000 adjusted=0.1793 best_adjusted=0.5431
[2026-08-08 03:21:57] [ep 197] score=0.1793 best=0.6301 nq=6 ep_ret=-78.664 | metric=-2.000 depth=-0.355 cnot=-0.624 qubit=0.000 rot=-0.072 dead=-0.200 budget=-72.000 repeat=-0.010 terminal=0.000
[2026-08-08 03:21:57] >>> [ep 198] TERMINAL EVAL: AUC=0.5000 SENS=0.0000 SPEC=0.0000 THR*=0.500
[2026-08-08 03:21:57] [ep 198] score=0.1793 best=0.6301 nq=5 std_proxy=0.0000 stability_w=1.000 adjusted=0.1793 best_adjusted=0.5431
[2026-08-08 03:21:57] [ep 198] score=0.1793 best=0.6301 nq=6 ep_ret=-72.444 | metric=-2.000 depth=-0.355 cnot=-0.948 qubit=-0.550 rot=-0.068 dead=-0.550 budget=-64.500 repeat=-0.020 terminal=0.000
[2026-08-08 03:21:57] >>> [ep 199] TERMINAL EVAL: AUC=0.5000 SENS=0.0000 SPEC=0.0000 THR*=0.500
[2026-08-08 03:21:57] [ep 199] score=0.1793 best=0.6301 nq=4 std_proxy=0.0000 stability_w=1.000 adjusted=0.1793 best_adjusted=0.5431
[2026-08-08 03:21:57] [ep 199] score=0.1793 best=0.6301 nq=6 ep_ret=-79.108 | metric=-2.000 depth=-0.355 cnot=-0.600 qubit=0.000 rot=-0.040 dead=-0.450 budget=-72.250 repeat=-0.010 terminal=0.000
[2026-08-08 03:21:57] >>> [ep 200] TERMINAL EVAL: AUC=0.5000 SENS=0.0000 SPEC=0.0000 THR*=0.500
[2026-08-08 03:21:57] [ep 200] score=0.1793 best=0.6301 nq=4 std_proxy=0.0000 stability_w=1.000 adjusted=0.1793 best_adjusted=0.5431
[2026-08-08 03:21:57] [ep 200] score=0.1793 best=0.6301 nq=6 ep_ret=-92.986 | metric=-2.000 depth=-0.355 cnot=-0.048 qubit=0.000 rot=0.000 dead=-0.400 budget=-86.750 repeat=-0.030 terminal=0.000
[2026-08-08 03:21:57] [health] collapse_count=175 / 200 (spec < terminal_spec_floor)
[2026-08-08 03:21:57] >>> [ep 201] TERMINAL EVAL: AUC=0.5000 SENS=0.0000 SPEC=0.0000 THR*=0.500
[2026-08-08 03:21:57] [ep 201] score=0.1793 best=0.6301 nq=4 std_proxy=0.0000 stability_w=1.000 adjusted=0.1793 best_adjusted=0.5431
[2026-08-08 03:21:58] [ep 201] score=0.1793 best=0.6301 nq=6 ep_ret=-94.318 | metric=-2.000 depth=-0.355 cnot=0.000 qubit=0.000 rot=0.000 dead=-0.800 budget=-87.750 repeat=-0.010 terminal=0.000
[2026-08-08 03:21:58] >>> [ep 202] TERMINAL EVAL: AUC=0.5000 SENS=0.0000 SPEC=0.0000 THR*=0.500
[2026-08-08 03:21:58] [ep 202] score=0.1793 best=0.6301 nq=4 std_proxy=0.0000 stability_w=1.000 adjusted=0.1793 best_adjusted=0.5431
[2026-08-08 03:21:58] [ep 202] score=0.1793 best=0.6301 nq=6 ep_ret=-74.808 | metric=-2.000 depth=-0.355 cnot=-0.564 qubit=0.000 rot=-0.086 dead=-0.600 budget=-67.750 repeat=-0.050 terminal=0.000
[2026-08-08 03:21:58] >>> [ep 203] TERMINAL EVAL: AUC=0.5000 SENS=0.0000 SPEC=0.0000 THR*=0.500
[2026-08-08 03:21:58] [ep 203] score=0.1793 best=0.6301 nq=4 std_proxy=0.0000 stability_w=1.000 adjusted=0.1793 best_adjusted=0.5431
[2026-08-08 03:21:58] [ep 203] score=0.1793 best=0.6301 nq=6 ep_ret=-77.000 | metric=-2.000 depth=-0.355 cnot=-0.672 qubit=0.000 rot=-0.030 dead=-0.500 budget=-70.000 repeat=-0.040 terminal=0.000
[2026-08-08 03:21:58] >>> [ep 204] TERMINAL EVAL: AUC=0.5000 SENS=0.0000 SPEC=0.0000 THR*=0.500
[2026-08-08 03:21:58] [ep 204] score=0.1793 best=0.6301 nq=4 std_proxy=0.0000 stability_w=1.000 adjusted=0.1793 best_adjusted=0.5431
[2026-08-08 03:21:58] [ep 204] score=0.1793 best=0.6301 nq=6 ep_ret=-81.800 | metric=-2.000 depth=-0.355 cnot=-0.720 qubit=0.000 rot=-0.002 dead=-0.300 budget=-75.000 repeat=-0.020 terminal=0.000
[2026-08-08 03:21:58] >>> [ep 205] TERMINAL EVAL: AUC=0.5000 SENS=0.0000 SPEC=0.0000 THR*=0.500
[2026-08-08 03:21:58] [ep 205] score=0.1793 best=0.6301 nq=4 std_proxy=0.0000 stability_w=1.000 adjusted=0.1793 best_adjusted=0.5431
[2026-08-08 03:21:58] [ep 205] score=0.1793 best=0.6301 nq=6 ep_ret=-73.528 | metric=-2.000 depth=-0.355 cnot=-0.408 qubit=0.000 rot=-0.132 dead=-0.700 budget=-66.500 repeat=-0.030 terminal=0.000
[2026-08-08 03:21:58] >>> [ep 206] TERMINAL EVAL: AUC=0.5000 SENS=0.0000 SPEC=0.0000 THR*=0.500
[2026-08-08 03:21:58] [ep 206] score=0.1793 best=0.6301 nq=4 std_proxy=0.0000 stability_w=1.000 adjusted=0.1793 best_adjusted=0.5431
[2026-08-08 03:21:58] [ep 206] score=0.1793 best=0.6301 nq=6 ep_ret=-86.036 | metric=-2.000 depth=-0.355 cnot=-0.408 qubit=0.000 rot=0.000 dead=-0.600 budget=-79.250 repeat=-0.020 terminal=0.000
[2026-08-08 03:21:59] >>> [ep 207] TERMINAL EVAL: AUC=0.5000 SENS=0.0000 SPEC=0.0000 THR*=0.500
[2026-08-08 03:21:59] [ep 207] score=0.1793 best=0.6301 nq=5 std_proxy=0.0000 stability_w=1.000 adjusted=0.1793 best_adjusted=0.5431
[2026-08-08 03:21:59] [ep 207] score=0.1793 best=0.6301 nq=6 ep_ret=-86.676 | metric=-2.000 depth=-0.355 cnot=-0.096 qubit=-0.950 rot=-0.072 dead=-0.500 budget=-79.250 repeat=0.000 terminal=0.000
[2026-08-08 03:21:59] >>> [ep 208] TERMINAL EVAL: AUC=0.5000 SENS=0.0000 SPEC=0.0000 THR*=0.500
[2026-08-08 03:21:59] [ep 208] score=0.1793 best=0.6301 nq=4 std_proxy=0.0000 stability_w=1.000 adjusted=0.1793 best_adjusted=0.5431
[2026-08-08 03:21:59] [ep 208] score=0.1793 best=0.6301 nq=6 ep_ret=-85.140 | metric=-2.000 depth=-0.355 cnot=-0.276 qubit=0.000 rot=-0.026 dead=-0.300 budget=-78.750 repeat=-0.030 terminal=0.000
[2026-08-08 03:21:59] >>> [ep 209] TERMINAL EVAL: AUC=0.5000 SENS=0.0000 SPEC=0.0000 THR*=0.500
[2026-08-08 03:21:59] [ep 209] score=0.1793 best=0.6301 nq=4 std_proxy=0.0000 stability_w=1.000 adjusted=0.1793 best_adjusted=0.5431
[2026-08-08 03:21:59] [ep 209] score=0.1793 best=0.6301 nq=6 ep_ret=-74.248 | metric=-2.000 depth=-0.355 cnot=-0.648 qubit=0.000 rot=-0.082 dead=-1.000 budget=-66.750 repeat=-0.010 terminal=0.000
[2026-08-08 03:21:59] >>> [ep 210] TERMINAL EVAL: AUC=0.5000 SENS=0.0000 SPEC=0.0000 THR*=0.500
[2026-08-08 03:21:59] [ep 210] score=0.1793 best=0.6301 nq=4 std_proxy=0.0000 stability_w=1.000 adjusted=0.1793 best_adjusted=0.5431
[2026-08-08 03:21:59] [ep 210] score=0.1793 best=0.6301 nq=6 ep_ret=-70.562 | metric=-2.000 depth=-0.355 cnot=-0.636 qubit=0.000 rot=-0.108 dead=-0.550 budget=-63.500 repeat=-0.010 terminal=0.000
[2026-08-08 03:21:59] [health] collapse_count=185 / 210 (spec < terminal_spec_floor)
[2026-08-08 03:22:00] >>> [ep 211] TERMINAL EVAL: AUC=0.5000 SENS=0.0000 SPEC=0.0000 THR*=0.500
[2026-08-08 03:22:00] [ep 211] score=0.1793 best=0.6301 nq=4 std_proxy=0.0000 stability_w=1.000 adjusted=0.1793 best_adjusted=0.5431
[2026-08-08 03:22:00] [ep 211] score=0.1793 best=0.6301 nq=6 ep_ret=-74.310 | metric=-2.000 depth=-0.355 cnot=-0.684 qubit=0.000 rot=-0.088 dead=-0.500 budget=-67.250 repeat=-0.030 terminal=0.000
[2026-08-08 03:22:00] >>> [ep 212] TERMINAL EVAL: AUC=0.5000 SENS=0.0000 SPEC=0.0000 THR*=0.500
[2026-08-08 03:22:00] [ep 212] score=0.1793 best=0.6301 nq=4 std_proxy=0.0000 stability_w=1.000 adjusted=0.1793 best_adjusted=0.5431
[2026-08-08 03:22:00] [ep 212] score=0.1793 best=0.6301 nq=6 ep_ret=-61.492 | metric=-1.850 depth=-0.325 cnot=-0.168 qubit=0.000 rot=-0.086 dead=-0.300 budget=-55.500 repeat=-0.010 terminal=0.000
[2026-08-08 03:22:00] >>> [ep 213] TERMINAL EVAL: AUC=0.5000 SENS=0.0000 SPEC=0.0000 THR*=0.500
[2026-08-08 03:22:00] [ep 213] score=0.1793 best=0.6301 nq=4 std_proxy=0.0000 stability_w=1.000 adjusted=0.1793 best_adjusted=0.5431
[2026-08-08 03:22:00] [ep 213] score=0.1793 best=0.6301 nq=6 ep_ret=-94.518 | metric=-2.000 depth=-0.355 cnot=0.000 qubit=0.000 rot=0.000 dead=-1.000 budget=-87.750 repeat=-0.010 terminal=0.000
[2026-08-08 03:22:00] >>> [ep 214] TERMINAL EVAL: AUC=0.5000 SENS=0.0000 SPEC=0.0000 THR*=0.500
[2026-08-08 03:22:00] [ep 214] score=0.1793 best=0.6301 nq=4 std_proxy=0.0000 stability_w=1.000 adjusted=0.1793 best_adjusted=0.5431
[2026-08-08 03:22:00] [ep 214] score=0.1793 best=0.6301 nq=6 ep_ret=-67.294 | metric=-2.000 depth=-0.355 cnot=-0.468 qubit=0.000 rot=-0.218 dead=-0.600 budget=-60.250 repeat=0.000 terminal=0.000
[2026-08-08 03:22:00] >>> [ep 215] TERMINAL EVAL: AUC=0.5000 SENS=0.0000 SPEC=0.0000 THR*=0.500
[2026-08-08 03:22:00] [ep 215] score=0.1793 best=0.6301 nq=5 std_proxy=0.0000 stability_w=1.000 adjusted=0.1793 best_adjusted=0.5431
[2026-08-08 03:22:00] [ep 215] score=0.1793 best=0.6301 nq=6 ep_ret=-88.035 | metric=-2.000 depth=-0.355 cnot=0.000 qubit=-0.475 rot=-0.052 dead=-0.450 budget=-81.250 repeat=0.000 terminal=0.000
[2026-08-08 03:22:01] >>> [ep 216] TERMINAL EVAL: AUC=0.5000 SENS=0.0000 SPEC=0.0000 THR*=0.500
[2026-08-08 03:22:01] [ep 216] score=0.1793 best=0.6301 nq=4 std_proxy=0.0000 stability_w=1.000 adjusted=0.1793 best_adjusted=0.5431
[2026-08-08 03:22:01] [ep 216] score=0.1793 best=0.6301 nq=6 ep_ret=-85.362 | metric=-2.000 depth=-0.355 cnot=0.000 qubit=0.000 rot=-0.094 dead=-0.500 budget=-79.000 repeat=-0.010 terminal=0.000
[2026-08-08 03:22:01] >>> [ep 217] TERMINAL EVAL: AUC=0.5000 SENS=0.0000 SPEC=0.0000 THR*=0.500
[2026-08-08 03:22:01] [ep 217] score=0.1793 best=0.6301 nq=5 std_proxy=0.0000 stability_w=1.000 adjusted=0.1793 best_adjusted=0.5431
[2026-08-08 03:22:01] [ep 217] score=0.1793 best=0.6301 nq=6 ep_ret=-93.017 | metric=-2.000 depth=-0.355 cnot=0.000 qubit=-0.575 rot=-0.014 dead=-0.600 budget=-86.000 repeat=-0.020 terminal=0.000
[2026-08-08 03:22:01] >>> [ep 218] TERMINAL EVAL: AUC=0.5000 SENS=0.0000 SPEC=0.0000 THR*=0.500
[2026-08-08 03:22:01] [ep 218] score=0.1793 best=0.6301 nq=4 std_proxy=0.0000 stability_w=1.000 adjusted=0.1793 best_adjusted=0.5431
[2026-08-08 03:22:01] [ep 218] score=0.1793 best=0.6301 nq=6 ep_ret=-93.696 | metric=-2.000 depth=-0.355 cnot=-0.048 qubit=0.000 rot=0.000 dead=-1.100 budget=-86.750 repeat=-0.040 terminal=0.000
[2026-08-08 03:22:01] >>> [ep 219] TERMINAL EVAL: AUC=0.5000 SENS=0.0000 SPEC=0.0000 THR*=0.500
[2026-08-08 03:22:01] [ep 219] score=0.1793 best=0.6301 nq=4 std_proxy=0.0000 stability_w=1.000 adjusted=0.1793 best_adjusted=0.5431
[2026-08-08 03:22:01] [ep 219] score=0.1793 best=0.6301 nq=6 ep_ret=-27.428 | metric=-1.350 depth=-0.225 cnot=0.000 qubit=0.000 rot=0.000 dead=-0.300 budget=-22.750 repeat=-0.030 terminal=0.000
[2026-08-08 03:22:01] >>> [ep 220] TERMINAL EVAL: AUC=0.5000 SENS=0.0000 SPEC=0.0000 THR*=0.500
[2026-08-08 03:22:01] [ep 220] score=0.1793 best=0.6301 nq=4 std_proxy=0.0000 stability_w=1.000 adjusted=0.1793 best_adjusted=0.5431
[2026-08-08 03:22:01] [ep 220] score=0.1793 best=0.6301 nq=6 ep_ret=-82.938 | metric=-2.000 depth=-0.355 cnot=-0.240 qubit=0.000 rot=-0.060 dead=-0.600 budget=-76.250 repeat=-0.030 terminal=0.000
[2026-08-08 03:22:01] [health] collapse_count=195 / 220 (spec < terminal_spec_floor)
[2026-08-08 03:22:02] >>> [ep 221] TERMINAL EVAL: AUC=0.5000 SENS=0.0000 SPEC=0.0000 THR*=0.500
[2026-08-08 03:22:02] [ep 221] score=0.1793 best=0.6301 nq=4 std_proxy=0.0000 stability_w=1.000 adjusted=0.1793 best_adjusted=0.5431
[2026-08-08 03:22:02] [ep 221] score=0.1793 best=0.6301 nq=6 ep_ret=-73.826 | metric=-2.000 depth=-0.355 cnot=-0.288 qubit=0.000 rot=-0.140 dead=-1.100 budget=-66.500 repeat=-0.040 terminal=0.000
[2026-08-08 03:22:02] >>> [ep 222] TERMINAL EVAL: AUC=0.5000 SENS=0.0000 SPEC=0.0000 THR*=0.500
[2026-08-08 03:22:02] [ep 222] score=0.1793 best=0.6301 nq=4 std_proxy=0.0000 stability_w=1.000 adjusted=0.1793 best_adjusted=0.5431
[2026-08-08 03:22:02] [ep 222] score=0.1793 best=0.6301 nq=6 ep_ret=-82.216 | metric=-2.000 depth=-0.355 cnot=-0.588 qubit=0.000 rot=0.000 dead=-0.350 budget=-75.500 repeat=-0.020 terminal=0.000
[2026-08-08 03:22:02] >>> [ep 223] TERMINAL EVAL: AUC=0.5000 SENS=0.0000 SPEC=0.0000 THR*=0.500
[2026-08-08 03:22:02] [ep 223] score=0.1793 best=0.6301 nq=4 std_proxy=0.0000 stability_w=1.000 adjusted=0.1793 best_adjusted=0.5431
[2026-08-08 03:22:02] [ep 223] score=0.1793 best=0.6301 nq=6 ep_ret=-13.704 | metric=-1.150 depth=-0.185 cnot=-0.096 qubit=0.000 rot=0.000 dead=-0.450 budget=-9.250 repeat=-0.020 terminal=0.000
[2026-08-08 03:22:02] >>> [ep 224] TERMINAL EVAL: AUC=0.5000 SENS=0.0000 SPEC=0.0000 THR*=0.500
[2026-08-08 03:22:02] [ep 224] score=0.1793 best=0.6301 nq=4 std_proxy=0.0000 stability_w=1.000 adjusted=0.1793 best_adjusted=0.5431
[2026-08-08 03:22:02] [ep 224] score=0.1793 best=0.6301 nq=6 ep_ret=-77.750 | metric=-2.000 depth=-0.355 cnot=-0.492 qubit=0.000 rot=-0.080 dead=-0.400 budget=-71.000 repeat=-0.020 terminal=0.000
[2026-08-08 03:22:02] >>> [ep 225] TERMINAL EVAL: AUC=0.5000 SENS=0.0000 SPEC=0.0000 THR*=0.500
[2026-08-08 03:22:02] [ep 225] score=0.1793 best=0.6301 nq=4 std_proxy=0.0000 stability_w=1.000 adjusted=0.1793 best_adjusted=0.5431
[2026-08-08 03:22:02] [ep 225] score=0.1793 best=0.6301 nq=6 ep_ret=-77.268 | metric=-2.000 depth=-0.355 cnot=-0.624 qubit=0.000 rot=-0.076 dead=-0.550 budget=-70.250 repeat=-0.010 terminal=0.000
[2026-08-08 03:22:02] >>> [ep 226] TERMINAL EVAL: AUC=0.5000 SENS=0.0000 SPEC=0.0000 THR*=0.500
[2026-08-08 03:22:02] [ep 226] score=0.1793 best=0.6301 nq=4 std_proxy=0.0000 stability_w=1.000 adjusted=0.1793 best_adjusted=0.5431
[2026-08-08 03:22:02] [ep 226] score=0.1793 best=0.6301 nq=6 ep_ret=-85.740 | metric=-2.000 depth=-0.355 cnot=-0.444 qubit=0.000 rot=-0.018 dead=-1.250 budget=-78.250 repeat=-0.020 terminal=0.000
[2026-08-08 03:22:03] >>> [ep 227] TERMINAL EVAL: AUC=0.5000 SENS=0.0000 SPEC=0.0000 THR*=0.500
[2026-08-08 03:22:03] [ep 227] score=0.1793 best=0.6301 nq=4 std_proxy=0.0000 stability_w=1.000 adjusted=0.1793 best_adjusted=0.5431
[2026-08-08 03:22:03] [ep 227] score=0.1793 best=0.6301 nq=6 ep_ret=-90.202 | metric=-2.000 depth=-0.355 cnot=0.000 qubit=0.000 rot=-0.034 dead=-0.900 budget=-83.500 repeat=-0.010 terminal=0.000
[2026-08-08 03:22:03] >>> [ep 228] TERMINAL EVAL: AUC=0.5000 SENS=0.0000 SPEC=0.0000 THR*=0.500
[2026-08-08 03:22:03] [ep 228] score=0.1793 best=0.6301 nq=4 std_proxy=0.0000 stability_w=1.000 adjusted=0.1793 best_adjusted=0.5431
[2026-08-08 03:22:03] [ep 228] score=0.1793 best=0.6301 nq=6 ep_ret=-86.346 | metric=-2.000 depth=-0.355 cnot=-0.060 qubit=0.000 rot=-0.078 dead=-0.450 budget=-80.000 repeat=0.000 terminal=0.000
[2026-08-08 03:22:03] >>> [ep 229] TERMINAL EVAL: AUC=0.5000 SENS=0.0000 SPEC=0.0000 THR*=0.500
[2026-08-08 03:22:03] [ep 229] score=0.1793 best=0.6301 nq=4 std_proxy=0.0000 stability_w=1.000 adjusted=0.1793 best_adjusted=0.5431
[2026-08-08 03:22:03] [ep 229] score=0.1793 best=0.6301 nq=6 ep_ret=-2.387 | metric=-0.350 depth=-0.028 cnot=-0.156 qubit=0.000 rot=0.000 dead=-0.100 budget=0.000 repeat=0.000 terminal=0.000
[2026-08-08 03:22:03] >>> [ep 230] TERMINAL EVAL: AUC=0.5000 SENS=0.0000 SPEC=0.0000 THR*=0.500
[2026-08-08 03:22:03] [ep 230] score=0.1793 best=0.6301 nq=4 std_proxy=0.0000 stability_w=1.000 adjusted=0.1793 best_adjusted=0.5431
[2026-08-08 03:22:03] [ep 230] score=0.1793 best=0.6301 nq=6 ep_ret=-24.940 | metric=-1.400 depth=-0.235 cnot=-0.312 qubit=0.000 rot=-0.040 dead=-0.900 budget=-19.250 repeat=0.000 terminal=0.000
[2026-08-08 03:22:03] [health] collapse_count=205 / 230 (spec < terminal_spec_floor)
[2026-08-08 03:22:03] >>> [ep 231] TERMINAL EVAL: AUC=0.5000 SENS=0.0000 SPEC=0.0000 THR*=0.500
[2026-08-08 03:22:03] [ep 231] score=0.1793 best=0.6301 nq=4 std_proxy=0.0000 stability_w=1.000 adjusted=0.1793 best_adjusted=0.5431
[2026-08-08 03:22:03] [ep 231] score=0.1793 best=0.6301 nq=6 ep_ret=-91.578 | metric=-2.000 depth=-0.355 cnot=0.000 qubit=0.000 rot=-0.020 dead=-0.500 budget=-85.250 repeat=-0.050 terminal=0.000
[2026-08-08 03:22:03] >>> [ep 232] TERMINAL EVAL: AUC=0.5000 SENS=0.0000 SPEC=0.0000 THR*=0.500
[2026-08-08 03:22:03] [ep 232] score=0.1793 best=0.6301 nq=5 std_proxy=0.0000 stability_w=1.000 adjusted=0.1793 best_adjusted=0.5431
[2026-08-08 03:22:03] [ep 232] score=0.1793 best=0.6301 nq=6 ep_ret=-93.897 | metric=-2.000 depth=-0.355 cnot=0.000 qubit=-0.525 rot=-0.004 dead=-0.300 budget=-87.250 repeat=-0.010 terminal=0.000
[2026-08-08 03:22:04] >>> [ep 233] TERMINAL EVAL: AUC=0.5000 SENS=0.0000 SPEC=0.0000 THR*=0.500
[2026-08-08 03:22:04] [ep 233] score=0.1793 best=0.6301 nq=4 std_proxy=0.0000 stability_w=1.000 adjusted=0.1793 best_adjusted=0.5431
[2026-08-08 03:22:04] [ep 233] score=0.1793 best=0.6301 nq=6 ep_ret=-94.378 | metric=-2.000 depth=-0.355 cnot=0.000 qubit=0.000 rot=0.000 dead=-0.850 budget=-87.750 repeat=-0.020 terminal=0.000
[2026-08-08 03:22:04] >>> [ep 234] TERMINAL EVAL: AUC=0.5000 SENS=0.0000 SPEC=0.0000 THR*=0.500
[2026-08-08 03:22:04] [ep 234] score=0.1793 best=0.6301 nq=4 std_proxy=0.0000 stability_w=1.000 adjusted=0.1793 best_adjusted=0.5431
[2026-08-08 03:22:04] [ep 234] score=0.1793 best=0.6301 nq=6 ep_ret=-79.622 | metric=-2.000 depth=-0.355 cnot=-0.060 qubit=0.000 rot=-0.134 dead=-0.400 budget=-73.250 repeat=-0.020 terminal=0.000
[2026-08-08 03:22:04] >>> [ep 235] TERMINAL EVAL: AUC=0.5000 SENS=0.0000 SPEC=0.0000 THR*=0.500
[2026-08-08 03:22:04] [ep 235] score=0.1793 best=0.6301 nq=4 std_proxy=0.0000 stability_w=1.000 adjusted=0.1793 best_adjusted=0.5431
[2026-08-08 03:22:04] [ep 235] score=0.1793 best=0.6301 nq=6 ep_ret=-90.230 | metric=-2.000 depth=-0.355 cnot=0.000 qubit=0.000 rot=-0.032 dead=-0.650 budget=-83.750 repeat=-0.040 terminal=0.000
[2026-08-08 03:22:04] >>> [ep 236] TERMINAL EVAL: AUC=0.5000 SENS=0.0000 SPEC=0.0000 THR*=0.500
[2026-08-08 03:22:04] [ep 236] score=0.1793 best=0.6301 nq=4 std_proxy=0.0000 stability_w=1.000 adjusted=0.1793 best_adjusted=0.5431
[2026-08-08 03:22:04] [ep 236] score=0.1793 best=0.6301 nq=6 ep_ret=-93.928 | metric=-2.000 depth=-0.355 cnot=0.000 qubit=0.000 rot=0.000 dead=-0.400 budget=-87.750 repeat=-0.020 terminal=0.000
[2026-08-08 03:22:04] >>> [ep 237] TERMINAL EVAL: AUC=0.5000 SENS=0.0000 SPEC=0.0000 THR*=0.500
[2026-08-08 03:22:04] [ep 237] score=0.1793 best=0.6301 nq=4 std_proxy=0.0000 stability_w=1.000 adjusted=0.1793 best_adjusted=0.5431
[2026-08-08 03:22:04] [ep 237] score=0.1793 best=0.6301 nq=6 ep_ret=-92.420 | metric=-2.000 depth=-0.355 cnot=0.000 qubit=0.000 rot=-0.012 dead=-0.400 budget=-86.250 repeat=0.000 terminal=0.000
[2026-08-08 03:22:05] >>> [ep 238] TERMINAL EVAL: AUC=0.5000 SENS=0.0000 SPEC=0.0000 THR*=0.500
[2026-08-08 03:22:05] [ep 238] score=0.1793 best=0.6301 nq=4 std_proxy=0.0000 stability_w=1.000 adjusted=0.1793 best_adjusted=0.5431
[2026-08-08 03:22:05] [ep 238] score=0.1793 best=0.6301 nq=6 ep_ret=-70.578 | metric=-2.000 depth=-0.355 cnot=-0.456 qubit=0.000 rot=-0.144 dead=-0.450 budget=-63.750 repeat=-0.020 terminal=0.000
[2026-08-08 03:22:05] >>> [ep 239] TERMINAL EVAL: AUC=0.5000 SENS=0.0000 SPEC=0.0000 THR*=0.500
[2026-08-08 03:22:05] [ep 239] score=0.1793 best=0.6301 nq=4 std_proxy=0.0000 stability_w=1.000 adjusted=0.1793 best_adjusted=0.5431
[2026-08-08 03:22:05] [ep 239] score=0.1793 best=0.6301 nq=6 ep_ret=-88.438 | metric=-2.000 depth=-0.355 cnot=0.000 qubit=0.000 rot=-0.060 dead=-1.350 budget=-81.250 repeat=-0.020 terminal=0.000
[2026-08-08 03:22:05] >>> [ep 240] TERMINAL EVAL: AUC=0.5000 SENS=0.0000 SPEC=0.0000 THR*=0.500
[2026-08-08 03:22:05] [ep 240] score=0.1793 best=0.6301 nq=4 std_proxy=0.0000 stability_w=1.000 adjusted=0.1793 best_adjusted=0.5431
[2026-08-08 03:22:05] [ep 240] score=0.1793 best=0.6301 nq=6 ep_ret=-37.942 | metric=-1.600 depth=-0.275 cnot=-0.360 qubit=0.000 rot=-0.034 dead=-0.650 budget=-32.000 repeat=-0.020 terminal=0.000
[2026-08-08 03:22:05] [health] collapse_count=215 / 240 (spec < terminal_spec_floor)
[2026-08-08 03:22:05] >>> [ep 241] TERMINAL EVAL: AUC=0.5000 SENS=0.0000 SPEC=0.0000 THR*=0.500
[2026-08-08 03:22:05] [ep 241] score=0.1793 best=0.6301 nq=4 std_proxy=0.0000 stability_w=1.000 adjusted=0.1793 best_adjusted=0.5431
[2026-08-08 03:22:05] [ep 241] score=0.1793 best=0.6301 nq=6 ep_ret=-81.726 | metric=-2.000 depth=-0.355 cnot=-0.324 qubit=0.000 rot=-0.074 dead=-0.550 budget=-75.000 repeat=-0.020 terminal=0.000
[2026-08-08 03:22:05] >>> [ep 242] TERMINAL EVAL: AUC=0.5000 SENS=0.0000 SPEC=0.0000 THR*=0.500
[2026-08-08 03:22:05] [ep 242] score=0.1793 best=0.6301 nq=4 std_proxy=0.0000 stability_w=1.000 adjusted=0.1793 best_adjusted=0.5431
[2026-08-08 03:22:05] [ep 242] score=0.1793 best=0.6301 nq=6 ep_ret=-86.846 | metric=-2.000 depth=-0.355 cnot=-0.528 qubit=0.000 rot=0.000 dead=-0.300 budget=-80.250 repeat=-0.010 terminal=0.000
[2026-08-08 03:22:06] >>> [ep 243] TERMINAL EVAL: AUC=0.5000 SENS=0.0000 SPEC=0.0000 THR*=0.500
[2026-08-08 03:22:06] [ep 243] score=0.1793 best=0.6301 nq=4 std_proxy=0.0000 stability_w=1.000 adjusted=0.1793 best_adjusted=0.5431
[2026-08-08 03:22:06] [ep 243] score=0.1793 best=0.6301 nq=6 ep_ret=-80.150 | metric=-2.000 depth=-0.355 cnot=-0.420 qubit=0.000 rot=-0.062 dead=-0.400 budget=-73.500 repeat=-0.010 terminal=0.000
[2026-08-08 03:22:06] >>> [ep 244] TERMINAL EVAL: AUC=0.5000 SENS=0.0000 SPEC=0.0000 THR*=0.500
[2026-08-08 03:22:06] [ep 244] score=0.1793 best=0.6301 nq=4 std_proxy=0.0000 stability_w=1.000 adjusted=0.1793 best_adjusted=0.5431
[2026-08-08 03:22:06] [ep 244] score=0.1793 best=0.6301 nq=6 ep_ret=-94.298 | metric=-2.000 depth=-0.355 cnot=0.000 qubit=0.000 rot=0.000 dead=-0.750 budget=-87.750 repeat=-0.020 terminal=0.000
[2026-08-08 03:22:06] >>> [ep 245] TERMINAL EVAL: AUC=0.5000 SENS=0.0000 SPEC=0.0000 THR*=0.500
[2026-08-08 03:22:06] [ep 245] score=0.1793 best=0.6301 nq=4 std_proxy=0.0000 stability_w=1.000 adjusted=0.1793 best_adjusted=0.5431
[2026-08-08 03:22:06] [ep 245] score=0.1793 best=0.6301 nq=6 ep_ret=-78.028 | metric=-2.000 depth=-0.355 cnot=-0.948 qubit=0.000 rot=-0.002 dead=-0.550 budget=-70.750 repeat=-0.020 terminal=0.000
[2026-08-08 03:22:06] >>> [ep 246] TERMINAL EVAL: AUC=0.5000 SENS=0.0000 SPEC=0.0000 THR*=0.500
[2026-08-08 03:22:06] [ep 246] score=0.1793 best=0.6301 nq=4 std_proxy=0.0000 stability_w=1.000 adjusted=0.1793 best_adjusted=0.5431
[2026-08-08 03:22:06] [ep 246] score=0.1793 best=0.6301 nq=6 ep_ret=-15.448 | metric=-1.150 depth=-0.185 cnot=0.000 qubit=0.000 rot=0.000 dead=-0.300 budget=-11.250 repeat=0.000 terminal=0.000
[2026-08-08 03:22:06] >>> [ep 247] TERMINAL EVAL: AUC=0.5000 SENS=0.0000 SPEC=0.0000 THR*=0.500
[2026-08-08 03:22:06] [ep 247] score=0.1793 best=0.6301 nq=4 std_proxy=0.0000 stability_w=1.000 adjusted=0.1793 best_adjusted=0.5431
[2026-08-08 03:22:06] [ep 247] score=0.1793 best=0.6301 nq=6 ep_ret=-76.094 | metric=-2.000 depth=-0.355 cnot=-0.372 qubit=0.000 rot=-0.104 dead=-0.600 budget=-69.250 repeat=-0.010 terminal=0.000
[2026-08-08 03:22:06] >>> [ep 248] TERMINAL EVAL: AUC=0.5000 SENS=0.0000 SPEC=0.0000 THR*=0.500
[2026-08-08 03:22:06] [ep 248] score=0.1793 best=0.6301 nq=4 std_proxy=0.0000 stability_w=1.000 adjusted=0.1793 best_adjusted=0.5431
[2026-08-08 03:22:06] [ep 248] score=0.1793 best=0.6301 nq=6 ep_ret=-71.768 | metric=-2.000 depth=-0.355 cnot=-0.504 qubit=0.000 rot=-0.146 dead=-0.850 budget=-64.500 repeat=-0.010 terminal=0.000
[2026-08-08 03:22:07] >>> [ep 249] TERMINAL EVAL: AUC=0.5000 SENS=0.0000 SPEC=0.0000 THR*=0.500
[2026-08-08 03:22:07] [ep 249] score=0.1793 best=0.6301 nq=5 std_proxy=0.0000 stability_w=1.000 adjusted=0.1793 best_adjusted=0.5431
[2026-08-08 03:22:07] [ep 249] score=0.1793 best=0.6301 nq=6 ep_ret=-36.186 | metric=-1.650 depth=-0.285 cnot=-0.864 qubit=-0.100 rot=-0.034 dead=-0.150 budget=-30.000 repeat=0.000 terminal=0.000
[2026-08-08 03:22:07] >>> [ep 250] TERMINAL EVAL: AUC=0.5000 SENS=0.0000 SPEC=0.0000 THR*=0.500
[2026-08-08 03:22:07] [ep 250] score=0.1793 best=0.6301 nq=4 std_proxy=0.0000 stability_w=1.000 adjusted=0.1793 best_adjusted=0.5431
[2026-08-08 03:22:07] [ep 250] score=0.1793 best=0.6301 nq=6 ep_ret=-86.612 | metric=-2.000 depth=-0.355 cnot=-0.240 qubit=0.000 rot=-0.024 dead=-0.800 budget=-79.750 repeat=-0.020 terminal=0.000
[2026-08-08 03:22:07] [health] collapse_count=225 / 250 (spec < terminal_spec_floor)
[2026-08-08 03:22:07] >>> [ep 251] TERMINAL EVAL: AUC=0.5000 SENS=0.0000 SPEC=0.0000 THR*=0.500
[2026-08-08 03:22:07] [ep 251] score=0.1793 best=0.6301 nq=4 std_proxy=0.0000 stability_w=1.000 adjusted=0.1793 best_adjusted=0.5431
[2026-08-08 03:22:07] [ep 251] score=0.1793 best=0.6301 nq=6 ep_ret=-88.930 | metric=-2.000 depth=-0.355 cnot=0.000 qubit=0.000 rot=-0.042 dead=-0.600 budget=-82.500 repeat=-0.030 terminal=0.000
[2026-08-08 03:22:07] [early_stop] ep=251 sem melhora em 138 eps (patience=80, best_adjusted=0.5431). Encerrando busca.
